,sme_ban,point_est_date,total_sales,total_points,total_order,version
0,83500889,2023-06-05 15:22:21,46800,23400,2,NCF Model
1,83052377,2023-06-16 12:15:33,28000,14000,4,NCF Model
2,26460909,2023-06-13 13:52:12,0,0,0,NCF Model
3,92308060,2023-06-14 15:34:13,60000,30000,1,NCF Model
4,90849575,2023-06-07 16:44:51,60000,30000,1,NCF Model
5,90127417,2023-06-08 10:47:41,0,0,0,NCF Model
6,39823989,2023-06-15 13:19:32,19200,9600,1,NCF Model
7,39737422,2023-06-17 16:06:38,60000,30000,1,NCF Model
8,91853365,2023-06-07 20:19:14,59600,29800,1,NCF Model
9,89164672,2023-06-08 14:29:35,27000,13500,1,NCF Model
10,87474546,2023-06-17 14:47:53,60000,30000,2,NCF Model
11,90936563,2023-06-13 13:49:46,38400,19200,1,NCF Model
12,45850982,2023-06-19 16:23:19,60000,30000,1,NCF Model
13,82561726,2023-06-01 13:48:13,60000,30000,1,NCF Model
14,54182175,2023-06-09 12:13:48,66800,30000,1,NCF Model
15,88903550,2023-06-15 11:46:37,0,0,0,NCF Model
16,81050872,2023-06-15 11:19:49,0,0,0,NCF Model
17,9814219,2023-06-01 15:04:13,60000,30000,2,NCF Model
18,37850496,2023-06-07 22:15:48,53000,26500,3,NCF Model
19,90056270,2023-06-15 11:25:38,0,0,0,NCF Model
20,83019547,2023-06-09 22:18:59,28800,14400,2,NCF Model
21,91837871,2023-06-07 14:56:58,34656,17328,1,NCF Model
22,97378705,2023-06-14 11:54:50,66800,30000,1,NCF Model
23,53302193,2023-06-14 14:43:17,37500,18750,1,NCF Model
24,36712405,2023-06-07 11:01:14,19200,9600,2,NCF Model
25,83522808,2023-06-14 09:15:40,31500,15750,2,NCF Model
26,39030116,2023-06-09 14:32:02,48000,24000,4,NCF Model
27,42699274,2023-06-06 13:18:19,0,0,0,NCF Model
28,88648833,2023-06-15 14:29:06,60000,30000,2,NCF Model
29,28746732,2023-06-09 15:55:35,66800,30000,1,NCF Model
30,92535662,2023-06-09 23:49:46,60000,30000,2,NCF Model
31,41280928,2023-06-10 19:03:09,60000,30000,1,NCF Model
32,83276664,2023-06-08 11:48:42,25000,12500,1,NCF Model
33,90002471,2023-06-08 14:11:40,18000,9000,3,NCF Model
34,83497033,2023-06-13 10:54:46,2388,1194,1,NCF Model
35,85658532,2023-06-12 13:44:01,60000,30000,1,NCF Model
36,40737505,2023-06-10 21:28:37,0,0,0,NCF Model
37,72540385,2023-06-14 19:27:56,35256,17628,1,NCF Model
38,82773539,2023-06-16 15:27:12,60000,30000,1,NCF Model
39,91558477,2023-06-14 07:24:37,23856,11928,1,NCF Model
40,88935321,2023-06-13 22:27:37,19200,9600,1,NCF Model
41,89035827,2023-06-01 20:23:35,35100,17550,3,NCF Model
42,16817232,2023-06-02 14:20:01,24000,12000,3,NCF Model
43,87223540,2023-06-10 15:18:24,15000,7500,1,NCF Model
44,53436329,2023-06-03 22:57:50,0,0,0,NCF Model
45,93354772,2023-06-13 12:43:51,22800,11400,1,NCF Model
46,16889951,2023-06-16 13:37:51,24000,12000,1,NCF Model
47,27312505,2023-06-09 21:58:24,60000,30000,2,NCF Model
48,88694104,2023-06-13 13:25:08,60000,30000,1,NCF Model
49,88366600,2023-06-06 15:58:04,23400,11700,1,NCF Model
50,54893301,2023-06-15 17:55:21,0,0,0,NCF Model
51,92513554,2023-06-12 08:06:58,60000,30000,2,NCF Model
52,97283362,2023-06-15 16:15:18,60000,30000,1,NCF Model
53,92309928,2023-06-09 12:17:26,0,0,0,NCF Model
54,90019487,2023-06-13 22:39:48,23400,11700,1,NCF Model
55,75577671,2023-06-19 10:29:43,52800,26400,3,NCF Model
56,87537768,2023-06-05 21:01:16,19200,9600,1,NCF Model
57,90323620,2023-06-07 12:11:37,27000,13500,1,NCF Model
58,53883620,2023-06-16 16:54:36,60000,30000,2,NCF Model
59,54922235,2023-06-12 11:27:10,59600,29800,1,NCF Model
60,39877128,2023-06-01 16:12:11,60000,30000,1,NCF Model
61,41060353,2023-06-06 15:26:35,43056,21528,2,NCF Model
62,92500158,2023-06-01 11:08:44,19200,9600,1,NCF Model
63,39945998,2023-06-17 17:01:42,60000,30000,1,NCF Model
64,91759410,2023-06-08 15:49:46,60000,30000,1,NCF Model
65,88486886,2023-06-02 14:49:51,60000,30000,1,NCF Model
66,53588079,2023-06-15 09:21:10,60000,30000,2,NCF Model
67,29431773,2023-06-02 16:29:52,60000,30000,2,NCF Model
68,94112817,2023-06-03 22:13:49,23400,11700,1,NCF Model
69,90100682,2023-06-19 11:43:46,0,0,0,NCF Model
70,92538204,2023-06-04 20:54:36,23400,11700,1,NCF Model
71,87418995,2023-06-19 18:56:06,23856,11928,1,NCF Model
72,64951808,2023-06-14 11:28:32,40068,20034,1,NCF Model
73,38782905,2023-06-02 09:12:42,66800,30000,1,NCF Model
74,92500431,2023-06-08 00:45:43,22800,11400,1,NCF Model
75,85069330,2023-06-07 11:13:04,24000,12000,1,NCF Model
76,93362956,2023-06-15 16:12:52,22800,11400,1,NCF Model
77,91521985,2023-06-01 11:13:21,0,0,0,NCF Model
78,88230528,2023-06-09 18:34:00,0,0,0,NCF Model
79,91073136,2023-06-03 17:17:20,60000,30000,1,NCF Model
80,42754613,2023-06-09 15:26:04,0,0,0,NCF Model
81,25268497,2023-06-15 13:36:34,60000,30000,1,NCF Model
82,42810137,2023-06-15 15:03:21,44640,22320,3,NCF Model
83,88494669,2023-06-01 11:27:18,53256,26628,2,NCF Model
84,91128456,2023-06-09 11:08:56,60000,30000,1,NCF Model
85,89069972,2023-06-02 11:40:37,46800,23400,2,NCF Model
86,36091481,2023-06-06 15:50:58,57600,28800,4,NCF Model
87,85195012,2023-06-11 10:37:39,60000,30000,2,NCF Model
88,75560807,2023-06-12 13:56:21,36000,18000,2,NCF Model
89,91302671,2023-06-15 12:36:00,60000,30000,1,NCF Model
90,93373588,2023-06-08 09:56:56,64800,32400,2,NCF Model
91,41479977,2023-06-08 21:02:33,60000,30000,2,NCF Model
92,90351245,2023-06-17 18:22:46,60000,30000,1,NCF Model
93,92308694,2023-06-14 11:29:27,19200,9600,1,NCF Model
94,28500478,2023-06-07 11:51:28,33600,16800,2,NCF Model
95,30991400,2023-06-19 11:43:54,57600,28800,3,NCF Model
96,97290906,2023-06-15 14:08:14,63000,30000,1,NCF Model
97,90769559,2023-06-15 16:40:59,60000,30000,1,NCF Model
98,90199663,2023-06-12 20:55:27,0,0,0,NCF Model
99,91376618,2023-06-05 09:42:41,60000,30000,1,NCF Model
100,92272464,2023-06-17 15:20:34,60000,30000,1,NCF Model
101,54903981,2023-06-17 09:46:05,60000,30000,1,NCF Model
102,83255339,2023-06-01 16:28:02,64800,30000,1,NCF Model
103,85114784,2023-06-15 21:07:04,64800,30000,1,NCF Model
104,27623233,2023-06-14 13:25:38,36000,18000,1,NCF Model
105,29083710,2023-06-08 16:17:22,33600,16800,3,NCF Model
106,99917617,2023-06-05 09:48:18,0,0,0,NCF Model
107,84446884,2023-06-15 15:15:19,0,0,0,NCF Model
108,41218615,2023-06-01 16:15:24,60000,30000,2,NCF Model
109,42166903,2023-06-01 15:10:59,60000,30000,2,NCF Model
110,54635281,2023-06-13 08:48:55,46800,23400,2,NCF Model
111,40998655,2023-06-07 11:02:01,60000,30000,1,NCF Model
112,27677357,2023-06-17 14:15:26,55200,27600,1,NCF Model
113,16994222,2023-06-19 10:48:26,45000,22500,1,NCF Model
114,47816912,2023-06-13 19:07:32,60000,30000,2,NCF Model
115,82791522,2023-06-13 19:20:33,43000,21500,1,NCF Model
116,82386208,2023-06-01 13:12:48,60000,30000,1,NCF Model
117,91585018,2023-06-13 16:03:37,23856,11928,1,NCF Model
118,82383504,2023-06-08 16:52:02,60000,30000,1,NCF Model
119,57166509,2023-06-19 16:07:45,94200,47100,3,NCF Model
120,93245753,2023-06-19 15:46:06,19200,9600,1,NCF Model
121,80234901,2023-06-16 14:58:50,45000,22500,1,NCF Model
122,91940164,2023-06-17 07:59:53,20200,10100,2,NCF Model
123,93361154,2023-06-09 17:12:14,23400,11700,1,NCF Model
124,41431968,2023-06-19 21:13:53,14400,11520,2,NCF Model
125,91784179,2023-06-07 14:36:37,32400,16200,2,NCF Model
126,54080310,2023-06-14 12:43:16,60000,30000,1,NCF Model
127,82771429,2023-06-02 15:27:11,0,0,0,NCF Model
128,93793245,2023-06-16 09:42:58,0,0,0,NCF Model
129,90661635,2023-06-09 13:11:46,8400,4200,1,NCF Model
130,90581366,2023-06-13 13:49:13,0,0,0,NCF Model
131,93100335,2023-06-07 18:45:23,22800,11400,1,NCF Model
132,87141203,2023-06-17 13:06:26,60000,30000,1,NCF Model
133,54506580,2023-06-01 14:57:57,60000,30000,1,NCF Model
134,54270727,2023-06-18 16:51:01,66800,30000,1,NCF Model
135,91380211,2023-06-18 15:02:41,60000,30000,2,NCF Model
136,83028948,2023-06-12 09:05:14,0,0,0,NCF Model
137,42967777,2023-06-17 14:24:26,60000,30000,1,NCF Model
138,89675597,2023-06-16 14:11:11,33600,16800,2,NCF Model
139,88632017,2023-06-06 15:31:05,19200,9600,1,NCF Model
140,42795327,2023-06-01 09:17:51,0,0,0,NCF Model
141,89605967,2023-06-07 11:26:31,41988,20994,1,NCF Model
142,91011907,2023-06-14 02:07:18,30000,15000,2,NCF Model
143,89102732,2023-06-08 12:11:39,19200,9600,1,NCF Model
144,87221472,2023-06-17 19:43:10,60000,30000,1,NCF Model
145,83740255,2023-06-14 12:00:46,14400,7200,2,NCF Model
146,69644581,2023-06-13 14:35:56,60000,30000,1,NCF Model
147,92367715,2023-06-07 16:02:52,23400,11700,1,NCF Model
148,26253367,2023-06-05 17:44:55,66800,30000,1,NCF Model
149,83003828,2023-06-05 15:02:45,22800,11400,1,NCF Model
150,72353158,2023-06-09 21:11:32,60000,30000,1,NCF Model
151,92594394,2023-06-06 00:08:39,68400,34200,3,NCF Model
152,84507690,2023-06-06 14:31:59,33600,16800,2,NCF Model
153,27843573,2023-06-15 14:25:47,47000,23500,1,NCF Model
154,91782572,2023-06-16 14:39:00,30000,15000,1,NCF Model
155,94069564,2023-06-14 09:19:11,40000,20000,1,NCF Model
156,28470853,2023-06-09 15:47:10,60000,30000,2,NCF Model
157,59208603,2023-06-13 14:47:30,0,0,0,NCF Model
158,92353923,2023-06-03 20:17:38,11700,5850,1,NCF Model
159,85022862,2023-06-13 11:52:03,63000,30000,1,NCF Model
160,82006517,2023-06-11 14:09:41,60000,30000,2,NCF Model
161,53631913,2023-06-14 15:38:26,0,0,0,NCF Model
162,98859202,2023-06-09 11:04:18,24000,12000,1,NCF Model
163,91370852,2023-06-07 13:42:31,53256,26628,2,NCF Model
164,92551331,2023-06-01 11:14:42,53000,26500,3,NCF Model
165,93356639,2023-06-19 20:00:18,60000,30000,1,NCF Model
166,87502022,2023-06-15 17:02:43,153024,60000,4,NCF Model
167,93358019,2023-06-05 15:21:10,22800,11400,1,NCF Model
168,56607850,2023-06-17 09:11:41,60000,30000,1,NCF Model
169,82272970,2023-06-16 16:00:11,0,0,0,NCF Model
170,34936339,2023-06-05 12:01:41,60000,30000,1,NCF Model
171,92214373,2023-06-09 20:17:01,19200,9600,1,NCF Model
172,50720530,2023-06-09 12:57:42,60000,30000,2,NCF Model
173,50885589,2023-06-09 19:14:41,47000,23500,1,NCF Model
174,42898816,2023-06-09 11:12:08,60000,30000,1,NCF Model
175,85667639,2023-06-14 12:15:50,36000,18000,1,NCF Model
176,88664951,2023-06-08 00:30:14,64800,30000,1,NCF Model
177,88729265,2023-06-08 15:25:42,60000,30000,1,NCF Model
178,47605424,2023-06-07 14:02:51,60000,30000,1,NCF Model
179,99523557,2023-06-02 11:21:29,60000,30000,1,NCF Model
180,83529963,2023-06-07 15:09:20,48000,24000,2,NCF Model
181,12698116,2023-06-02 13:20:46,56400,28200,6,NCF Model
182,16812623,2023-06-15 11:09:29,25200,12600,3,NCF Model
183,91780151,2023-06-05 18:46:20,37080,18540,1,NCF Model
184,92330437,2023-06-07 19:35:13,60000,30000,1,NCF Model
185,83613949,2023-06-15 12:29:18,60000,30000,2,NCF Model
186,27537384,2023-06-16 11:33:56,60000,30000,1,NCF Model
187,87082372,2023-06-06 21:31:56,0,0,0,NCF Model
188,89019018,2023-06-16 14:31:16,60000,30000,1,NCF Model
189,24535406,2023-06-12 01:25:27,13815,6906,3,NCF Model
190,92513371,2023-06-07 11:33:59,60000,30000,1,NCF Model
191,93787525,2023-06-01 23:31:14,82512,41256,2,NCF Model
192,31594597,2023-06-11 12:26:22,60000,30000,2,NCF Model
193,52554620,2023-06-06 11:06:23,49680,24840,3,NCF Model
194,75131308,2023-06-07 13:33:00,60000,30000,1,NCF Model
195,92050012,2023-06-02 12:27:15,40000,20000,1,NCF Model
196,90586073,2023-06-08 17:36:15,0,0,0,NCF Model
197,28564232,2023-06-14 10:53:19,28800,14400,2,NCF Model
198,42951059,2023-06-14 17:32:48,125600,60000,2,NCF Model
199,93352660,2023-06-01 21:50:41,94200,47100,3,NCF Model
200,93358685,2023-06-06 18:31:30,23400,11700,1,NCF Model
201,22837637,2023-06-17 14:41:51,79400,30000,1,NCF Model
202,89074285,2023-06-05 10:31:20,22800,11400,1,NCF Model
203,72378974,2023-06-13 20:23:54,60000,30000,1,NCF Model
204,87050054,2023-06-01 16:47:00,60000,30000,1,NCF Model
205,82826938,2023-06-13 15:51:33,60000,30000,1,NCF Model
206,45906310,2023-06-15 11:10:44,0,0,0,NCF Model
207,12872228,2023-06-15 17:01:25,60000,30000,1,NCF Model
208,53260166,2023-06-12 10:07:41,60000,30000,1,NCF Model
209,92507526,2023-06-06 16:29:34,60000,30000,2,NCF Model
210,91773779,2023-06-01 20:53:56,22800,11400,1,NCF Model
211,92330231,2023-06-07 13:07:03,60000,30000,1,NCF Model
212,91423921,2023-06-03 21:39:18,22800,11400,1,NCF Model
213,42992565,2023-06-01 13:12:48,85200,42600,4,NCF Model
214,89810720,2023-06-07 14:00:15,30000,15000,1,NCF Model
215,53604280,2023-06-15 17:32:30,0,0,0,NCF Model
216,80677927,2023-06-19 18:45:30,43000,21500,1,NCF Model
217,91067486,2023-06-16 07:56:57,8000,4000,1,NCF Model
218,45126709,2023-06-16 10:07:40,43000,21500,1,NCF Model
219,25467480,2023-06-15 11:40:40,15000,7500,1,NCF Model
220,59076265,2023-06-05 13:23:05,36000,18000,4,NCF Model
221,92202480,2023-06-07 21:10:48,60000,30000,1,NCF Model
222,50865113,2023-06-09 14:59:39,120000,60000,2,NCF Model
223,83270009,2023-06-05 15:27:47,60000,30000,2,NCF Model
224,94050191,2023-06-15 19:43:26,60000,30000,2,NCF Model
225,89507558,2023-06-08 16:03:54,38400,19200,3,NCF Model
226,40886639,2023-06-08 18:44:46,60000,30000,2,NCF Model
227,84875548,2023-06-07 15:19:48,47250,23625,1,NCF Model
228,50986480,2023-06-02 15:15:27,19200,9600,2,NCF Model
229,39786751,2023-06-01 13:50:44,60000,30000,1,NCF Model
230,88955796,2023-06-12 11:59:47,60000,30000,1,NCF Model
231,92550298,2023-06-13 11:00:49,53000,26500,3,NCF Model
232,90516106,2023-06-09 13:25:34,22800,11400,1,NCF Model
233,72791565,2023-06-18 16:30:38,60000,30000,2,NCF Model
234,92600207,2023-06-04 16:11:03,19200,9600,1,NCF Model
235,85296692,2023-06-17 16:08:13,23856,11928,1,NCF Model
236,91304050,2023-06-08 10:44:54,60000,30000,2,NCF Model
237,87598027,2023-06-06 13:44:35,28500,14250,1,NCF Model
238,87057583,2023-06-09 14:50:20,60000,30000,1,NCF Model
239,93359093,2023-06-05 14:56:31,19200,9600,1,NCF Model
240,27688782,2023-06-09 11:06:06,60000,30000,2,NCF Model
241,85933708,2023-06-05 21:31:22,60000,30000,1,NCF Model
242,87020340,2023-06-08 02:21:15,47000,23500,1,NCF Model
243,93789306,2023-06-17 11:46:17,60000,30000,1,NCF Model
244,92428430,2023-06-13 21:28:06,0,0,0,NCF Model
245,19641336,2023-06-11 13:15:28,60000,30000,2,NCF Model
246,9896767,2023-06-08 13:12:20,60000,30000,1,NCF Model
247,24671295,2023-06-19 16:36:55,0,0,0,NCF Model
248,82626615,2023-06-15 13:49:34,60000,30000,1,NCF Model
249,92600380,2023-06-05 09:40:48,60000,30000,2,NCF Model
250,82955307,2023-06-02 15:38:39,14880,7440,1,NCF Model
251,21820807,2023-06-07 12:02:11,60000,30000,1,NCF Model
252,98865176,2023-06-07 15:20:58,0,0,0,NCF Model
253,87265610,2023-06-05 16:10:16,19200,9600,1,NCF Model
254,54266836,2023-06-09 11:51:11,60000,30000,2,NCF Model
255,31105492,2023-06-09 16:21:11,19200,9600,2,NCF Model
256,85597521,2023-06-17 12:50:25,60000,30000,1,NCF Model
257,87224668,2023-06-01 16:42:32,60000,30000,1,NCF Model
258,83275840,2023-06-17 09:57:21,60000,30000,1,NCF Model
259,39919669,2023-06-19 23:26:58,60000,30000,1,NCF Model
260,52698892,2023-06-13 16:25:52,60000,30000,1,NCF Model
261,88488364,2023-06-08 17:11:34,60000,30000,1,NCF Model
262,26948819,2023-06-06 09:17:15,60000,30000,1,NCF Model
263,88649158,2023-06-01 18:41:28,0,0,0,NCF Model
264,53794583,2023-06-09 11:51:28,60000,30000,1,NCF Model
265,82876330,2023-06-15 11:25:55,63000,30000,1,NCF Model
266,88438533,2023-06-13 11:06:29,0,0,0,NCF Model
267,92614146,2023-06-16 17:52:20,60000,30000,1,NCF Model
268,8914838,2023-06-16 21:49:35,23856,11928,1,NCF Model
269,90466957,2023-06-13 14:38:25,60000,30000,1,NCF Model
270,83760250,2023-06-05 13:00:20,30000,15000,1,NCF Model
271,93789208,2023-06-13 14:08:08,60000,30000,1,NCF Model
272,41327901,2023-06-05 22:31:32,22800,11400,1,NCF Model
273,25872734,2023-06-08 09:33:37,40068,20034,1,NCF Model
274,88492418,2023-06-08 13:21:56,60000,30000,1,NCF Model
275,19745536,2023-06-01 13:48:13,0,0,0,NCF Model
276,53734072,2023-06-05 19:56:21,60000,30000,1,NCF Model
277,83039115,2023-06-14 18:50:41,33120,16560,2,NCF Model
278,85102133,2023-06-19 15:01:20,60000,30000,1,NCF Model
279,89107933,2023-06-15 16:38:08,6588,3294,1,NCF Model
280,80230460,2023-06-05 10:29:13,43200,21600,3,NCF Model
281,87059597,2023-06-01 15:28:07,60000,30000,1,NCF Model
282,66621851,2023-06-04 17:51:27,23400,11700,1,NCF Model
283,93789690,2023-06-19 19:22:13,11700,5850,1,NCF Model
284,92596479,2023-06-05 10:21:43,53000,26500,3,NCF Model
285,50816248,2023-06-07 09:56:03,0,0,0,NCF Model
286,88488287,2023-06-02 13:34:37,60000,30000,1,NCF Model
287,83215013,2023-06-16 14:58:48,0,0,0,NCF Model
288,88085411,2023-06-07 17:39:35,23400,11700,1,NCF Model
289,87441659,2023-06-15 14:40:44,0,0,0,NCF Model
290,23215290,2023-06-02 11:08:31,7200,3600,1,NCF Model
291,14816434,2023-06-08 13:13:42,60000,30000,2,NCF Model
292,24265584,2023-06-09 21:20:11,60000,30000,1,NCF Model
293,91090199,2023-06-12 14:34:45,64800,30000,1,NCF Model
294,50779736,2023-06-09 16:12:01,130800,59400,3,NCF Model
295,91417619,2023-06-09 11:13:53,66800,30000,1,NCF Model
296,69718507,2023-06-08 11:30:49,0,0,0,NCF Model
297,93361915,2023-06-06 21:00:35,37080,18540,1,NCF Model
298,87335720,2023-06-18 16:01:38,60000,30000,2,NCF Model
299,85566055,2023-06-18 14:29:28,19200,9600,1,NCF Model
300,80600033,2023-06-13 10:21:10,57600,28800,5,NCF Model
301,85435152,2023-06-06 09:27:37,11700,5850,1,NCF Model
302,82778648,2023-06-07 15:51:53,22800,11400,1,NCF Model
303,47524372,2023-06-01 00:24:59,42000,21000,2,NCF Model
304,93448455,2023-06-06 09:58:41,37080,18540,1,NCF Model
305,88292170,2023-06-07 11:02:21,60000,30000,1,NCF Model
306,38952507,2023-06-16 18:32:46,46800,23400,2,NCF Model
307,83128741,2023-06-03 12:39:16,0,0,0,NCF Model
308,53257459,2023-06-07 14:40:02,22800,11400,1,NCF Model
309,53136218,2023-06-02 14:07:31,60000,30000,2,NCF Model
310,88454076,2023-06-15 16:23:24,25200,12600,2,NCF Model
311,12762968,2023-06-01 11:08:47,33600,16800,2,NCF Model
312,17565516,2023-06-14 11:06:12,60000,30000,2,NCF Model
313,54525600,2023-06-08 20:54:22,60000,30000,2,NCF Model
314,94017757,2023-06-08 11:09:05,60000,30000,2,NCF Model
315,83250670,2023-06-09 18:11:41,44520,22260,2,NCF Model
316,97413007,2023-06-05 14:00:36,43200,21600,4,NCF Model
317,92261924,2023-06-12 14:28:11,60000,30000,2,NCF Model
318,91129342,2023-06-12 22:03:26,60000,30000,2,NCF Model
319,80521170,2023-06-09 09:56:26,47000,23500,1,NCF Model
320,97140203,2023-06-15 15:51:13,43200,21600,5,NCF Model
321,88277699,2023-06-04 18:18:44,23400,11700,1,NCF Model
322,92168379,2023-06-08 16:45:56,23856,11928,1,NCF Model
323,89730022,2023-06-07 15:16:55,0,0,0,NCF Model
324,87290651,2023-06-08 12:41:12,60000,30000,1,NCF Model
325,43941191,2023-06-14 14:14:57,60000,30000,1,NCF Model
326,91285743,2023-06-08 14:23:59,23856,11928,1,NCF Model
327,54325379,2023-06-07 14:10:03,157500,30000,1,NCF Model
328,88549117,2023-06-16 13:40:01,60000,30000,1,NCF Model
329,92620365,2023-06-05 11:13:01,11700,5850,1,NCF Model
330,24584617,2023-06-03 14:37:14,23400,11700,1,NCF Model
331,89783723,2023-06-01 15:02:46,0,0,0,NCF Model
332,92620652,2023-06-08 14:20:52,37080,18540,1,NCF Model
333,87050189,2023-06-02 13:52:54,60000,30000,1,NCF Model
334,85662775,2023-06-13 10:05:48,80136,40068,2,NCF Model
335,90085508,2023-06-13 21:29:52,23400,11700,1,NCF Model
336,90554537,2023-06-07 14:09:54,22800,11400,1,NCF Model
337,94016835,2023-06-12 11:51:39,45600,22800,2,NCF Model
338,85280951,2023-06-01 14:07:33,0,0,0,NCF Model
339,24928140,2023-06-18 15:08:55,0,0,0,NCF Model
340,85036417,2023-06-18 07:47:24,0,0,0,NCF Model
341,24314831,2023-06-14 14:47:00,33120,16560,2,NCF Model
342,87224251,2023-06-01 16:53:24,60000,30000,1,NCF Model
343,45132792,2023-06-04 17:17:25,60000,30000,1,NCF Model
344,94049300,2023-06-15 14:29:55,0,0,0,NCF Model
345,93228425,2023-06-14 14:30:40,11088,5544,1,NCF Model
346,82807550,2023-06-13 19:04:34,0,0,0,NCF Model
347,39873072,2023-06-01 17:27:25,60000,30000,1,NCF Model
348,83652870,2023-06-12 20:06:13,0,0,0,NCF Model
349,92443657,2023-06-06 20:35:11,19200,9600,1,NCF Model
350,53807969,2023-06-17 17:03:33,0,0,0,NCF Model
351,90272208,2023-06-07 18:55:30,60000,30000,1,NCF Model
352,91641089,2023-06-10 13:06:02,19200,9600,1,NCF Model
353,82583778,2023-06-12 20:37:10,60000,30000,1,NCF Model
354,90225297,2023-06-09 11:46:50,60000,30000,1,NCF Model
355,82296038,2023-06-08 10:34:24,63856,30000,2,NCF Model
356,92357218,2023-06-12 21:45:30,11700,5850,1,NCF Model
357,92372891,2023-06-13 17:04:41,22800,11400,1,NCF Model
358,88713073,2023-06-07 16:16:22,60000,30000,1,NCF Model
359,94107011,2023-06-19 16:15:26,64800,30000,3,NCF Model
360,81016045,2023-06-08 22:27:09,60000,30000,1,NCF Model
361,83160946,2023-06-19 14:27:08,66800,30000,1,NCF Model
362,92244025,2023-06-15 14:08:33,60000,30000,1,NCF Model
363,82464858,2023-06-14 15:06:23,35256,17628,1,NCF Model
364,94048822,2023-06-09 16:41:03,46800,23400,2,NCF Model
365,91763759,2023-06-14 21:31:11,50856,25428,1,NCF Model
366,94129486,2023-06-05 21:59:02,22800,11400,1,NCF Model
367,53236574,2023-06-13 12:10:47,51000,25500,2,NCF Model
368,50947754,2023-06-12 10:10:07,0,0,0,NCF Model
369,23961009,2023-06-06 13:30:13,28800,14400,3,NCF Model
370,25077119,2023-06-07 13:25:21,47400,23700,1,NCF Model
371,85075678,2023-06-08 17:09:19,60000,30000,1,NCF Model
372,92372219,2023-06-06 12:03:51,23400,11700,1,NCF Model
373,69788947,2023-06-08 16:05:20,60000,30000,2,NCF Model
374,93279346,2023-06-12 09:00:21,22200,11100,1,NCF Model
375,88140955,2023-06-07 13:28:46,60000,30000,1,NCF Model
376,92207437,2023-06-01 22:51:42,35000,17500,1,NCF Model
377,10468671,2023-06-07 11:21:19,60000,30000,1,NCF Model
378,92493311,2023-06-06 16:14:55,0,0,0,NCF Model
379,54213037,2023-06-15 18:00:09,37800,18900,2,NCF Model
380,31789116,2023-06-08 17:34:28,60000,30000,2,NCF Model
381,83032680,2023-06-14 15:28:50,41256,20628,1,NCF Model
382,83160729,2023-06-13 11:28:07,60000,30000,2,NCF Model
383,88328769,2023-06-08 19:56:46,15000,7500,1,NCF Model
384,76489682,2023-06-19 13:06:16,23400,11700,1,NCF Model
385,91747371,2023-06-15 12:02:50,60000,30000,1,NCF Model
386,42574915,2023-06-13 14:21:18,38400,19200,3,NCF Model
387,38917615,2023-06-10 17:31:48,60000,30000,1,NCF Model
388,94075398,2023-06-12 15:34:07,35400,17700,1,NCF Model
389,42215762,2023-06-08 13:17:39,60000,30000,2,NCF Model
390,42640324,2023-06-01 18:57:58,23400,11700,1,NCF Model
391,87050060,2023-06-09 12:53:01,60000,30000,1,NCF Model
392,90197763,2023-06-17 11:53:57,60000,30000,1,NCF Model
393,81202836,2023-06-16 13:13:17,60000,30000,1,NCF Model
394,24451692,2023-06-08 14:58:23,28800,14400,2,NCF Model
395,64966149,2023-06-12 11:16:39,0,0,0,NCF Model
396,78750366,2023-06-15 14:55:22,0,0,0,NCF Model
397,90000760,2023-06-04 14:51:07,60000,30000,2,NCF Model
398,91007988,2023-06-01 14:12:15,60000,30000,1,NCF Model
399,28738352,2023-06-09 14:07:04,48000,24000,4,NCF Model
400,91226225,2023-06-05 13:22:48,60000,30000,1,NCF Model
401,42588994,2023-06-09 16:37:12,60000,30000,1,NCF Model
402,90682499,2023-06-14 16:53:10,23400,11700,1,NCF Model
403,28343055,2023-06-05 10:36:48,40000,20000,1,NCF Model
404,92428163,2023-06-15 20:18:55,35256,17628,1,NCF Model
405,13845951,2023-06-05 20:43:05,66800,30000,1,NCF Model
406,87238852,2023-06-17 14:40:19,60000,30000,1,NCF Model
407,66265163,2023-06-13 10:32:42,60000,30000,1,NCF Model
408,87413393,2023-06-19 14:23:42,59280,29640,2,NCF Model
409,79846158,2023-06-12 13:46:32,60000,30000,1,NCF Model
410,92243399,2023-06-07 15:13:35,23400,11700,1,NCF Model
411,91099038,2023-06-07 11:27:04,30000,15000,1,NCF Model
412,84254822,2023-06-05 11:09:37,48000,24000,4,NCF Model
413,53847836,2023-06-15 11:40:14,13200,6600,2,NCF Model
414,52563493,2023-06-15 18:41:28,63000,30000,1,NCF Model
415,93361008,2023-06-07 12:20:07,19200,9600,1,NCF Model
416,26760510,2023-06-01 10:40:44,53000,26500,3,NCF Model
417,31719415,2023-06-14 12:02:32,60000,30000,1,NCF Model
418,55685028,2023-06-02 11:55:44,0,0,0,NCF Model
419,91442434,2023-06-18 23:52:21,19200,9600,1,NCF Model
420,79962727,2023-06-09 15:15:32,25000,12500,1,NCF Model
421,91786654,2023-06-07 14:15:01,23400,11700,1,NCF Model
422,94759619,2023-06-10 20:07:31,60000,30000,2,NCF Model
423,92645339,2023-06-17 22:02:19,22200,11100,1,NCF Model
424,89052753,2023-06-14 13:32:04,19200,9600,1,NCF Model
425,81349846,2023-06-12 21:31:06,22800,11400,1,NCF Model
426,85900381,2023-06-10 01:51:03,156000,72000,5,NCF Model
427,92621603,2023-06-12 15:56:27,60000,30000,1,NCF Model
428,83467967,2023-06-14 16:35:47,36000,18000,1,NCF Model
429,82994239,2023-06-07 17:11:54,15000,7500,1,NCF Model
430,83563069,2023-06-05 11:29:30,0,0,0,NCF Model
431,82828268,2023-06-15 12:47:39,66800,30000,1,NCF Model
432,41289651,2023-06-19 14:07:21,60000,30000,2,NCF Model
433,46184662,2023-06-09 15:11:58,60000,30000,1,NCF Model
434,88621449,2023-06-12 11:08:53,18000,0,1,NCF Model
435,87465899,2023-06-08 20:34:55,0,0,0,NCF Model
436,85087148,2023-06-07 13:07:16,58800,29400,2,NCF Model
437,88649967,2023-06-16 09:49:51,60000,30000,1,NCF Model
438,50688089,2023-06-06 17:12:59,60000,30000,2,NCF Model
439,38504023,2023-06-01 15:06:49,40000,20000,1,NCF Model
440,94048288,2023-06-13 21:17:53,23400,11700,1,NCF Model
441,53222261,2023-06-02 14:12:25,66800,30000,1,NCF Model
442,92243953,2023-06-08 15:58:13,36000,18000,1,Random
443,88541776,2023-06-12 14:38:44,23856,11928,1,Random
444,90895654,2023-06-09 16:13:25,60000,30000,1,Random
445,92601418,2023-06-16 22:31:58,60000,30000,1,Random
446,17489341,2023-06-09 11:00:46,60000,30000,2,Random
447,30326840,2023-06-08 11:39:48,11700,5850,1,Random
448,82929553,2023-06-08 13:59:13,60000,30000,1,Random
449,91676740,2023-06-06 16:05:59,60000,30000,1,Random
450,24580133,2023-06-16 16:28:32,60000,30000,1,Random
451,94066530,2023-06-13 10:02:16,0,0,0,Random
452,12634845,2023-06-02 11:46:48,31200,15600,4,Random
453,82534643,2023-06-14 13:41:22,40000,20000,1,Random
454,92602660,2023-06-07 12:31:38,60000,30000,1,Random
455,92372816,2023-06-08 10:33:36,46800,23400,2,Random
456,91435412,2023-06-14 15:15:45,60000,30000,1,Random
457,87562652,2023-06-09 11:04:27,23856,11928,1,Random
458,92313198,2023-06-08 17:12:30,22800,11400,1,Random
459,13184522,2023-06-05 14:53:20,20000,10000,1,Random
460,89102661,2023-06-08 12:44:02,60000,30000,1,Random
461,28848576,2023-06-05 12:46:25,47400,23700,1,Random
462,90243507,2023-06-18 20:30:08,0,0,0,Random
463,88018434,2023-06-05 16:46:56,19200,9600,1,Random
464,37942432,2023-06-01 13:42:13,22800,11400,1,Random
465,81392651,2023-06-01 21:00:17,60000,30000,2,Random
466,93237894,2023-06-09 12:03:27,22800,11400,1,Random
467,25513230,2023-06-15 17:58:58,23400,11700,1,Random
468,24366577,2023-06-08 12:12:47,60000,30000,1,Random
469,82744943,2023-06-19 11:37:54,60000,30000,2,Random
470,54018533,2023-06-19 13:16:43,47000,23500,1,Random
471,91514767,2023-06-16 21:26:58,60000,30000,1,Random
472,88365567,2023-06-05 16:32:04,36000,18000,1,Random
473,27820706,2023-06-07 09:57:59,63000,30000,1,Random
474,91830808,2023-06-19 20:10:25,60000,30000,1,Random
475,92124598,2023-06-01 16:38:23,0,0,0,Random
476,87492208,2023-06-07 05:41:39,40000,20000,1,Random
477,45819744,2023-06-14 16:08:52,60000,30000,1,Random
478,94113436,2023-06-02 15:19:00,0,0,0,Random
479,9837206,2023-06-06 16:56:10,60000,30000,2,Random
480,89496779,2023-06-01 16:53:17,0,0,0,Random
481,91786943,2023-06-14 22:24:05,19200,9600,1,Random
482,41225854,2023-06-06 14:03:50,63856,30000,2,Random
483,93789517,2023-06-14 15:11:27,23400,11700,1,Random
484,28828993,2023-06-09 17:23:10,60000,30000,1,Random
485,54059914,2023-06-16 15:55:43,60000,30000,1,Random
486,2672566,2023-06-03 21:02:51,47000,23500,1,Random
487,85035368,2023-06-05 12:14:20,0,0,0,Random
488,90458226,2023-06-15 16:41:01,30000,15000,2,Random
489,91488584,2023-06-16 17:02:45,60000,30000,2,Random
490,90488811,2023-06-12 16:30:23,0,0,0,Random
491,88543155,2023-06-01 16:38:39,60000,30000,1,Random
492,94068164,2023-06-07 13:13:39,60000,30000,2,Random
493,89116497,2023-06-16 18:41:50,23400,11700,1,Random
494,29125660,2023-06-01 17:01:19,0,0,0,Random
495,53216964,2023-06-14 14:29:38,60000,30000,1,Random
496,90111631,2023-06-13 17:13:54,82800,41400,5,Random
497,25055889,2023-06-01 15:59:23,60000,30000,2,Random
498,93407074,2023-06-19 11:49:49,60000,30000,1,Random
499,43913414,2023-06-02 13:54:15,28800,14400,3,Random
500,55924837,2023-06-07 11:48:49,0,0,0,Random
501,93373525,2023-06-14 22:44:08,2388,1194,1,Random
502,91438522,2023-06-15 13:47:44,19200,9600,1,Random
503,92411655,2023-06-01 13:46:15,40068,20034,1,Random
504,82809044,2023-06-14 10:34:20,63000,30000,1,Random
505,89617823,2023-06-14 21:10:39,15750,7875,1,Random
506,12643598,2023-06-05 15:28:04,19200,9600,3,Random
507,87343881,2023-06-10 00:07:28,60000,30000,2,Random
508,86929772,2023-06-01 15:57:00,20700,10350,1,Random
509,87237853,2023-06-17 10:52:58,60000,30000,1,Random
510,88648854,2023-06-15 14:46:26,60000,30000,1,Random
511,87049780,2023-06-02 11:56:06,60000,30000,1,Random
512,20777155,2023-06-05 15:27:49,66800,30000,1,Random
513,85495600,2023-06-19 15:18:12,60000,30000,1,Random
514,87345537,2023-06-13 20:32:07,0,0,0,Random
515,90608745,2023-06-16 11:43:27,120000,30000,2,Random
516,83129299,2023-06-06 13:22:24,60000,30000,1,Random
517,83205681,2023-06-05 12:03:06,60000,30000,1,Random
518,41455855,2023-06-09 19:41:04,40000,20000,1,Random
519,42872914,2023-06-16 15:50:39,0,0,0,Random
520,88369183,2023-06-07 11:57:11,22800,11400,1,Random
521,91438585,2023-06-14 23:02:18,23400,11700,1,Random
522,50624240,2023-06-13 19:09:00,60000,30000,1,Random
523,50774577,2023-06-05 14:58:38,60000,30000,1,Random
524,38578501,2023-06-07 09:04:01,37080,18540,1,Random
525,53728677,2023-06-09 14:30:14,60000,30000,1,Random
526,91728992,2023-06-07 14:44:28,60000,30000,1,Random
527,76387398,2023-06-15 17:49:27,30000,15000,1,Random
528,72499457,2023-06-06 11:31:38,60000,30000,1,Random
529,80216663,2023-06-13 13:13:53,53000,26500,3,Random
530,47604939,2023-06-15 10:26:24,60000,30000,1,Random
531,24507339,2023-06-06 09:01:34,37500,18750,1,Random
532,88305528,2023-06-02 00:33:49,64800,30000,1,Random
533,22834202,2023-06-12 13:23:25,0,0,0,Random
534,72469658,2023-06-07 18:34:49,60000,30000,1,Random
535,85882588,2023-06-06 14:41:13,40000,20000,1,Random
536,28840618,2023-06-16 16:56:02,0,0,0,Random
537,91552868,2023-06-12 14:30:15,23400,11700,1,Random
538,91775299,2023-06-05 13:28:46,38400,19200,2,Random
539,47435625,2023-06-01 20:32:23,60000,30000,1,Random
540,94049723,2023-06-19 14:23:10,23400,11700,1,Random
541,91780933,2023-06-06 22:22:39,22800,11400,1,Random
542,94048983,2023-06-08 15:19:12,22800,11400,1,Random
543,72892368,2023-06-07 18:57:17,60000,30000,1,Random
544,82439520,2023-06-16 13:23:28,60000,30000,1,Random
545,88995328,2023-06-16 23:24:00,13176,6588,2,Random
546,53847630,2023-06-12 12:40:15,35400,17700,1,Random
547,58018231,2023-06-13 14:19:09,19200,9600,2,Random
548,25359840,2023-06-14 13:31:14,14400,7200,2,Random
549,91518124,2023-06-12 13:50:34,19200,9600,1,Random
550,87447942,2023-06-19 10:05:44,6588,3294,1,Random
551,89155821,2023-06-09 20:10:07,60000,30000,1,Random
552,56811255,2023-06-06 13:05:36,60000,30000,1,Random
553,54550353,2023-06-01 11:46:56,0,0,0,Random
554,64961881,2023-06-11 22:40:30,60000,30000,1,Random
555,91370092,2023-06-02 09:54:17,60000,30000,2,Random
556,92344158,2023-06-08 14:52:34,23400,11700,2,Random
557,91779915,2023-06-05 11:44:24,23400,11700,1,Random
558,50979994,2023-06-16 17:04:00,63000,30000,1,Random
559,99793806,2023-06-15 20:16:15,60000,30000,1,Random
560,83124148,2023-06-19 11:25:23,66800,30000,1,Random
561,90607372,2023-06-14 15:11:45,0,0,0,Random
562,50877722,2023-06-14 16:15:38,45000,22500,1,Random
563,92331421,2023-06-01 16:02:15,60000,30000,1,Random
564,90296721,2023-06-08 14:13:32,120000,60000,2,Random
565,25124627,2023-06-15 10:19:35,60000,30000,1,Random
566,52858243,2023-06-19 14:48:01,63000,30000,1,Random
567,87036602,2023-06-08 14:08:21,11700,5850,1,Random
568,42641169,2023-06-15 17:42:17,24400,12200,1,Random
569,72392504,2023-06-06 14:43:17,24000,12000,1,Random
570,70465001,2023-06-08 15:58:43,2388,1194,1,Random
571,85869446,2023-06-09 09:34:15,60000,30000,1,Random
572,92331225,2023-06-07 15:15:19,60000,30000,1,Random
573,91737893,2023-06-15 10:37:07,23856,11928,1,Random
574,94049792,2023-06-01 19:30:12,106200,47700,3,Random
575,90228668,2023-06-09 15:27:16,0,0,0,Random
576,88360893,2023-06-08 16:37:53,15600,7800,1,Random
577,39869605,2023-06-08 13:54:18,60000,30000,1,Random
578,22823084,2023-06-02 11:35:18,43200,21600,4,Random
579,91704767,2023-06-17 23:58:37,59000,29500,1,Random
580,47868447,2023-06-06 11:54:32,35400,17700,1,Random
581,89304890,2023-06-13 16:17:25,0,0,0,Random
582,92590524,2023-06-07 20:03:17,35256,17628,1,Random
583,27508297,2023-06-08 11:09:23,24000,12000,1,Random
584,45889500,2023-06-05 08:43:14,0,0,0,Random
585,28962457,2023-06-06 11:12:58,48000,24000,4,Random
586,52893558,2023-06-01 12:29:03,48000,24000,2,Random
587,94110260,2023-06-09 13:33:39,22800,11400,1,Random
588,93416910,2023-06-16 22:50:31,19200,9600,1,Random
589,83574283,2023-06-16 15:12:55,0,0,0,Random
590,85888464,2023-06-16 21:19:04,60000,30000,1,Random
591,25683847,2023-06-19 10:42:10,60000,30000,1,Random
592,91449470,2023-06-05 16:58:58,0,0,0,Random
593,22559492,2023-06-01 13:29:31,19200,9600,2,Random
594,26196850,2023-06-06 18:17:20,66800,30000,1,Random
595,91718426,2023-06-01 17:56:51,19200,9600,1,Random
596,53493778,2023-06-15 15:20:21,40000,20000,1,Random
597,82797906,2023-06-13 10:18:30,60000,30000,1,Random
598,25097712,2023-06-16 14:49:10,60000,30000,1,Random
599,92628394,2023-06-09 11:33:32,60000,30000,1,Random
600,87103382,2023-06-14 15:01:48,60000,30000,1,Random
601,88985932,2023-06-09 14:00:14,120000,60000,2,Random
602,45868408,2023-06-19 13:45:13,23856,11928,1,Random
603,80592809,2023-06-09 16:03:57,66588,35270,2,Random
604,76488500,2023-06-19 11:07:28,21600,10800,4,Random
605,88367896,2023-06-08 16:20:01,22800,11400,1,Random
606,22283501,2023-06-06 08:43:38,0,0,0,Random
607,91679578,2023-06-07 15:15:39,38400,19200,3,Random
608,13446321,2023-06-01 11:47:37,36000,18000,1,Random
609,90372918,2023-06-12 17:31:09,0,0,0,Random
610,42198932,2023-06-04 00:20:58,60000,30000,1,Random
611,96991161,2023-06-01 16:00:13,34200,17100,10,Random
612,28552783,2023-06-08 14:38:42,24000,12000,1,Random
613,45437936,2023-06-01 14:54:53,60000,30000,1,Random
614,87058675,2023-06-07 16:56:15,60000,30000,1,Random
615,85575694,2023-06-06 20:32:28,23400,11700,1,Random
616,91329469,2023-06-16 10:45:54,60000,30000,1,Random
617,94051109,2023-06-02 15:15:03,64800,30000,1,Random
618,83696589,2023-06-13 15:32:17,60000,30000,1,Random
619,87159694,2023-06-15 20:10:00,60000,30000,1,Random
620,25015445,2023-06-01 13:13:27,60000,30000,1,Random
621,88511288,2023-06-15 15:17:56,0,0,0,Random
622,42492111,2023-06-17 15:35:51,60000,30000,1,Random
623,88139079,2023-06-07 11:07:07,60000,30000,1,Random
624,42757490,2023-06-05 10:36:41,60000,30000,2,Random
625,72466287,2023-06-09 16:11:47,60000,30000,1,Random
626,83144123,2023-06-07 18:50:18,60000,30000,1,Random
627,53809501,2023-06-05 10:10:02,60000,30000,1,Random
628,88717417,2023-06-08 15:50:26,60000,30000,1,Random
629,82309913,2023-06-13 15:42:16,37500,18750,1,Random
630,85205953,2023-06-14 15:36:28,19200,9600,1,Random
631,90588419,2023-06-16 17:46:14,0,0,0,Random
632,13495820,2023-06-06 21:06:29,120000,60000,4,Random
633,85484316,2023-06-01 14:13:35,0,0,0,Random
634,82971355,2023-06-12 16:04:29,60000,30000,1,Random
635,41397130,2023-06-02 14:31:39,60000,30000,1,Random
636,53849671,2023-06-14 13:03:58,38400,19200,1,Random
637,88641424,2023-06-16 17:54:48,60000,30000,1,Random
638,89199237,2023-06-13 11:23:39,63000,30000,1,Random
639,91400589,2023-06-19 15:56:32,53000,26500,3,Random
640,28788681,2023-06-07 15:17:39,66800,30000,1,Random
641,94065899,2023-06-18 22:51:49,0,0,0,Random
642,83026385,2023-06-13 16:10:50,0,0,0,Random
643,93369867,2023-06-15 11:29:13,15750,7875,1,Random
644,83236495,2023-06-17 15:32:13,60000,30000,1,Random
645,93355723,2023-06-07 21:20:12,11700,5850,1,Random
646,88995571,2023-06-12 16:02:24,40000,20000,1,Random
647,90663839,2023-06-01 13:01:45,60000,30000,1,Random
648,88354695,2023-06-18 00:18:19,23400,11700,1,Random
649,92594514,2023-06-08 16:43:42,53000,26500,3,Random
650,19783989,2023-06-06 12:22:33,19200,9600,1,Random
651,86850563,2023-06-09 10:59:16,14400,7200,3,Random
652,69756086,2023-06-05 11:51:32,60000,30000,1,Random
653,54871432,2023-06-07 10:17:23,69800,30000,1,Random
654,31873985,2023-06-08 16:25:43,35256,17628,1,Random
655,54120170,2023-06-16 16:35:52,60000,30000,1,Random
656,42933285,2023-06-01 10:36:39,0,0,0,Random
657,28942729,2023-06-14 11:47:36,9600,4800,1,Random
658,91630421,2023-06-19 17:40:39,19200,9600,1,Random
659,77968197,2023-06-19 16:44:45,60000,30000,1,Random
660,91266318,2023-06-08 14:46:23,63856,30000,2,Random
661,50802011,2023-06-15 13:14:02,72000,36000,3,Random
662,93243811,2023-06-15 14:04:24,22800,11400,1,Random
663,75943559,2023-06-12 11:14:40,19200,9600,3,Random
664,41402555,2023-06-06 17:14:57,60000,30000,1,Random
665,23138549,2023-06-06 10:24:00,20970,10485,3,Random
666,86613534,2023-06-01 14:13:04,28800,14400,4,Random
667,90228506,2023-06-17 16:24:46,0,0,0,Random
668,88367397,2023-06-08 18:13:43,35256,17628,1,Random
669,81401960,2023-06-05 17:31:27,60000,30000,1,Random
670,88935053,2023-06-17 16:10:10,60000,30000,1,Random
671,87449907,2023-06-18 18:10:39,60000,30000,2,Random
672,72890410,2023-06-08 13:52:40,60000,30000,1,Random
673,89184558,2023-06-06 15:56:44,23400,11700,1,Random
674,90257071,2023-06-19 14:58:31,60000,30000,1,Random
675,42554045,2023-06-06 11:19:56,23400,11700,1,Random
676,69663849,2023-06-14 12:50:28,60000,30000,1,Random
677,92371611,2023-06-02 00:36:53,23400,11700,1,Random
678,94067897,2023-06-15 15:52:19,120000,60000,2,Random
679,88201538,2023-06-13 10:22:10,60000,30000,1,Random
680,82989545,2023-06-14 22:16:12,23400,11700,1,Random
681,83784669,2023-06-16 15:36:59,30000,15000,1,Random
682,86233703,2023-06-14 18:01:29,0,0,0,Random
683,17210016,2023-06-01 15:27:28,30000,15000,1,Random
684,92588554,2023-06-06 16:07:19,0,0,0,Random
685,80566648,2023-06-15 15:07:50,40000,20000,1,Random
686,59302972,2023-06-01 17:49:36,53000,26500,3,Random
687,88722919,2023-06-01 17:02:18,60000,30000,1,Random
688,53452755,2023-06-05 11:42:53,160000,90000,3,Random
689,88368678,2023-06-13 16:35:53,19200,9600,1,Random
690,25492050,2023-06-10 02:10:46,22200,11100,1,Random
691,92383383,2023-06-08 15:49:08,23400,11700,1,Random
692,88490170,2023-06-01 17:27:37,60000,30000,1,Random
693,42951348,2023-06-16 14:21:44,60000,30000,1,Random
694,50813018,2023-06-16 01:29:57,15000,7500,1,Random
695,83683199,2023-06-15 16:17:45,60000,30000,2,Random
696,93351796,2023-06-06 19:28:53,60000,30000,1,Random
697,24546810,2023-06-09 14:03:02,22800,11400,1,Random
698,93788290,2023-06-12 00:28:00,23400,11700,1,Random
699,89289429,2023-06-13 12:01:19,2400,1200,1,Random
700,88798332,2023-06-19 16:50:05,19200,9600,1,Random
701,90021370,2023-06-16 10:02:42,60000,30000,1,Random
702,94110579,2023-06-05 20:27:55,63000,30000,1,Random
703,87049661,2023-06-09 15:13:38,60000,30000,1,Random
704,42413995,2023-06-17 14:14:10,66800,30000,1,Random
705,93230978,2023-06-17 08:07:49,22800,11400,1,Random
706,81064094,2023-06-13 11:38:41,35400,17700,1,Random
707,43863152,2023-06-15 15:17:42,0,0,0,Random
708,70558444,2023-06-01 14:59:48,42000,21000,6,Random
709,28913055,2023-06-19 10:41:55,0,0,0,Random
710,92329591,2023-06-02 15:13:23,60000,30000,1,Random
711,42899379,2023-06-16 15:51:30,60000,30000,1,Random
712,89783364,2023-06-13 09:06:43,0,0,0,Random
713,88366186,2023-06-01 16:48:51,28056,14028,1,Random
714,91373859,2023-06-01 18:26:26,46800,23400,2,Random
715,92181295,2023-06-02 23:40:50,0,0,0,Random
716,83187184,2023-06-05 16:50:56,0,0,0,Random
717,22485838,2023-06-13 15:56:53,52000,26000,1,Random
718,88723570,2023-06-07 14:15:09,60000,30000,1,Random
719,16536036,2023-06-09 15:42:13,0,0,0,Random
720,12506187,2023-06-05 19:02:20,60000,30000,1,Random
721,38987870,2023-06-08 16:36:23,60000,30000,1,Random
722,38868375,2023-06-07 09:30:16,57600,28800,4,Random
723,91232535,2023-06-18 03:48:33,0,0,0,Random
724,47832173,2023-06-16 13:51:50,60597,30000,3,Random
725,85018071,2023-06-07 10:33:31,55000,27500,1,Random
726,9624724,2023-06-06 17:53:42,60000,30000,2,Random
727,56606037,2023-06-08 13:51:31,47000,23500,1,Random
728,47570327,2023-06-19 13:59:57,23856,11928,1,Random
729,90001374,2023-06-07 10:33:08,60000,30000,1,Random
730,94050848,2023-06-08 14:41:41,66000,30000,2,Random
731,31712898,2023-06-13 15:47:34,66800,30000,1,Random
732,69713432,2023-06-08 15:42:18,60000,30000,1,Random
733,42726954,2023-06-13 15:13:07,42000,21000,1,Random
734,24923031,2023-06-13 12:57:35,0,0,0,Random
735,50966082,2023-06-17 19:13:58,60000,30000,1,Random
736,27481522,2023-06-15 13:46:06,60000,30000,1,Random
737,91510122,2023-06-09 00:51:13,0,0,0,Random
738,40984532,2023-06-16 11:24:00,60000,30000,2,Random
739,85153723,2023-06-06 10:43:30,60000,30000,1,Random
740,70965385,2023-06-09 11:04:39,60000,30000,1,Random
741,2898641,2023-06-04 16:06:26,120000,60000,2,Random
742,54960217,2023-06-12 21:20:58,19200,9600,1,Random
743,91375441,2023-06-02 14:59:20,60000,30000,2,Random
744,82287988,2023-06-08 19:55:52,60000,30000,2,Random
745,87147749,2023-06-09 18:30:41,60000,30000,1,Random
746,87244616,2023-06-11 10:29:06,22800,11400,1,Random
747,85143726,2023-06-13 15:16:22,60000,30000,1,Random
748,91438179,2023-06-13 15:35:54,66800,30000,1,Random
749,30380359,2023-06-02 18:45:21,23856,11928,1,Random
750,93233004,2023-06-14 11:12:11,60000,30000,2,Random
751,91726875,2023-06-17 16:39:18,19200,9600,1,Random
752,94068740,2023-06-12 20:17:09,23400,11700,1,Random
753,89197619,2023-06-14 11:35:59,24000,12000,1,Random
754,53133535,2023-06-07 15:07:37,30000,15000,1,Random
755,93356743,2023-06-03 09:44:02,19200,9600,1,Random
756,50845778,2023-06-05 13:58:40,16560,8280,1,Random
757,54817938,2023-06-01 13:02:16,23400,11700,1,Random
758,92295776,2023-06-09 17:37:48,60000,30000,4,Random
759,82927627,2023-06-16 15:26:33,25000,12500,1,Random
760,94018138,2023-06-06 17:17:59,15750,7875,1,Random
761,88476682,2023-06-05 00:41:41,19200,9600,1,Random
762,92409068,2023-06-07 22:13:34,22800,11400,1,Random
763,42513397,2023-06-01 12:34:25,40000,20000,1,Random
764,12380151,2023-06-14 16:06:13,28800,14400,2,Random
765,9308705,2023-06-08 22:43:28,0,0,0,Random
766,92592656,2023-06-16 14:10:37,60000,30000,1,Random
767,83145713,2023-06-13 10:13:09,60000,30000,1,Random
768,85024427,2023-06-12 12:01:23,22800,11400,1,Random
769,88654118,2023-06-13 14:05:23,23856,11928,1,Random
770,27639538,2023-06-05 14:05:36,0,0,0,Random
771,42512475,2023-06-06 17:17:27,0,0,0,Random
772,92599074,2023-06-05 19:27:43,23400,11700,1,Random
773,93356286,2023-06-09 15:51:38,40000,20000,1,Random
774,38635355,2023-06-14 15:14:32,53000,26500,3,Random
775,42643960,2023-06-08 13:19:38,0,0,0,Random
776,90008025,2023-06-19 23:34:22,23400,11700,1,Random
777,90195569,2023-06-14 14:57:08,47250,23625,1,Random
778,37726032,2023-06-15 11:29:40,60000,30000,1,Random
779,92351185,2023-06-01 14:08:26,60000,30000,1,Random
780,25125082,2023-06-16 13:56:37,60000,30000,1,Random
781,90625110,2023-06-13 10:40:07,23400,11700,1,Random
782,89071169,2023-06-07 17:24:55,60000,30000,1,Random
783,92598167,2023-06-04 11:29:29,42000,21000,2,Random
784,91831460,2023-06-12 14:52:02,60000,30000,2,Random
785,53037765,2023-06-15 17:39:54,0,0,0,Random
786,80449728,2023-06-05 10:30:50,0,0,0,Random
787,59093953,2023-06-15 13:19:49,60000,30000,2,Random
788,85412073,2023-06-06 01:17:53,0,0,0,Random
789,6901864,2023-06-15 10:29:35,0,0,0,Random
790,84892315,2023-06-06 11:25:51,14400,7200,2,Random
791,25711689,2023-06-05 12:28:48,60000,30000,1,Random
792,81218598,2023-06-09 16:49:21,108000,54000,3,Random
793,89111958,2023-06-19 16:57:20,19200,9600,1,Random
794,83052144,2023-06-06 11:43:51,0,0,0,Random
795,28641619,2023-06-09 18:46:41,66800,30000,1,Random
796,93384614,2023-06-05 14:20:38,128000,29000,9,Random
797,92358949,2023-06-15 17:28:47,22800,11400,1,Random
798,72658573,2023-06-14 17:20:44,19200,9600,1,Random
799,92332033,2023-06-01 14:16:15,60000,30000,1,Random
800,91022242,2023-06-16 14:10:58,47250,23625,1,Random
801,72135463,2023-06-14 14:55:21,43200,21600,4,Random
802,82010104,2023-06-05 09:21:02,0,0,0,Random
803,59140908,2023-06-13 16:36:30,60000,30000,1,Random
804,80059397,2023-06-02 13:47:03,60000,30000,1,Random
805,93374480,2023-06-14 19:11:25,0,0,0,Random
806,83036861,2023-06-04 15:19:15,22800,11400,1,Random
807,85302879,2023-06-01 23:00:41,41400,20700,3,Random
808,82381739,2023-06-14 14:33:19,19200,9600,1,Random
809,26848852,2023-06-07 12:02:25,60000,30000,1,Random
810,83475262,2023-06-10 15:44:13,7000,3500,1,Random
811,88360985,2023-06-12 21:51:03,0,0,0,Random
812,24427053,2023-06-13 14:50:38,37500,18750,1,Random
813,92500994,2023-06-02 13:52:00,38400,19200,2,Random
814,93235360,2023-06-08 14:18:22,60000,30000,1,Random
815,91755701,2023-06-08 20:21:23,35256,17628,1,Random
816,88980872,2023-06-01 17:36:15,60000,30000,1,Random
817,53589886,2023-06-14 13:35:59,0,0,0,Random
818,90192922,2023-06-05 14:05:09,126000,60000,2,Random
819,85894206,2023-06-01 11:06:41,0,0,0,Random
820,42918290,2023-06-08 10:26:46,52000,26000,1,Random
821,90670590,2023-06-15 15:14:35,55440,27720,1,Random
822,92332792,2023-06-16 00:07:37,46800,23400,2,Random
823,90483175,2023-06-19 15:26:22,60000,30000,2,Random
824,42924357,2023-06-16 10:01:25,60000,30000,2,Random
825,22820164,2023-06-15 10:25:38,40000,20000,1,Random
826,89573873,2023-06-08 11:31:56,60000,30000,1,Random
827,54196157,2023-06-17 16:02:00,60000,30000,2,Random
828,28451315,2023-06-15 14:32:35,66800,30000,1,Random
829,72701425,2023-06-09 19:48:48,0,0,0,Random
830,81269527,2023-06-15 19:46:58,60000,30000,2,Random
831,88366003,2023-06-01 10:42:24,27000,13500,1,Random
832,91772151,2023-06-08 14:05:42,22800,11400,1,Random
833,88468199,2023-06-01 11:24:07,0,0,0,Random
834,19655892,2023-06-16 11:15:59,60000,30000,2,Random
835,91769986,2023-06-06 14:37:27,22800,11400,1,Random
836,91252898,2023-06-19 15:31:56,40000,20000,1,Random
837,69030508,2023-06-18 19:06:08,0,0,0,Random
838,5834380,2023-06-01 15:15:14,24000,12000,3,Random
839,92588203,2023-06-16 10:56:49,6588,3294,1,Random
840,91739034,2023-06-05 20:35:46,11700,5850,1,Random
841,91677591,2023-06-08 17:18:23,23400,11700,1,Random
842,53498393,2023-06-08 11:22:58,60000,30000,1,Random
843,90368695,2023-06-07 16:35:32,53000,26500,3,Random
844,92599975,2023-06-13 17:26:52,60000,30000,1,Random
845,82648694,2023-06-13 12:35:25,120000,60000,2,Random
846,91770196,2023-06-14 22:30:39,22800,11400,1,Random
847,35913896,2023-06-01 13:12:28,60000,30000,1,Random
848,90161961,2023-06-15 22:54:03,60000,30000,2,Random
849,50688813,2023-06-11 10:55:45,60000,30000,2,Random
850,90051325,2023-06-08 14:05:24,60000,30000,1,Random
851,85307939,2023-06-11 20:29:01,60000,30000,2,Random
852,87144270,2023-06-06 17:37:40,14400,7200,2,Random
853,54886300,2023-06-08 14:01:24,24000,12000,1,Random
854,93224103,2023-06-10 14:22:41,38400,19200,2,Random
855,82976957,2023-06-08 13:38:31,0,0,0,Random
856,83592466,2023-06-08 13:50:06,126000,60000,2,Random
857,91934769,2023-06-02 15:18:53,0,0,0,Random
858,29223901,2023-06-15 13:42:18,66800,30000,1,Random
859,42568245,2023-06-06 16:03:17,60000,30000,1,Random
860,92508834,2023-06-13 12:40:13,19200,9600,1,Random
861,54185840,2023-06-11 13:44:38,0,0,0,Random
862,90084521,2023-06-06 01:09:01,64800,30000,1,Random
863,72469931,2023-06-01 19:39:54,60000,30000,1,Random
864,83779342,2023-06-17 11:23:07,60000,30000,2,Random
865,20434779,2023-06-04 15:41:40,60000,30000,2,Random
866,92288557,2023-06-07 14:08:43,60000,30000,1,Random
867,87146214,2023-06-16 13:08:42,11700,5850,1,Random
868,82378241,2023-06-09 13:11:40,60000,30000,1,Random
869,27909201,2023-06-12 17:09:17,15750,7875,1,Random
870,92144779,2023-06-06 10:49:27,23400,11700,1,Random
871,83139141,2023-06-16 16:14:00,60000,30000,1,Random
872,80016834,2023-06-17 16:30:13,7200,3600,1,Random
873,92411992,2023-06-01 23:40:11,11700,5850,1,Random
874,27675920,2023-06-16 15:31:11,0,0,0,Random
875,90423162,2023-06-05 19:14:49,47000,23500,1,Random
876,83034358,2023-06-01 11:47:38,22800,11400,1,Random
877,72475949,2023-06-13 22:45:48,57600,28800,3,Random
878,83048825,2023-06-01 15:50:30,49900,24950,1,Random
879,54105229,2023-06-08 13:25:34,43200,21600,3,Random
880,88226221,2023-06-12 13:48:28,60000,30000,1,Random
881,92443468,2023-06-05 20:32:55,23400,11700,1,Random
882,93351873,2023-06-16 20:53:45,22800,11400,1,Random
883,83036784,2023-06-16 15:00:08,45000,22500,2,NCF+SHAP
884,72701847,2023-06-08 21:16:19,60000,30000,2,NCF+SHAP
885,93223863,2023-06-13 16:35:14,60000,30000,1,NCF+SHAP
886,93787362,2023-06-07 14:15:07,23400,11700,1,NCF+SHAP
887,88633563,2023-06-01 06:23:52,62800,30000,1,NCF+SHAP
888,94127754,2023-06-18 18:28:23,45000,22500,2,NCF+SHAP
889,28009679,2023-06-19 14:05:00,60000,30000,1,NCF+SHAP
890,40929692,2023-06-05 16:34:42,60000,30000,2,NCF+SHAP
891,91773095,2023-06-01 15:25:30,27000,13500,1,NCF+SHAP
892,92149633,2023-06-10 16:11:52,60000,30000,1,NCF+SHAP
893,69660483,2023-06-04 00:17:20,194400,90000,3,NCF+SHAP
894,88366849,2023-06-08 10:54:01,76800,38400,3,NCF+SHAP
895,55790106,2023-06-14 17:03:23,60000,30000,1,NCF+SHAP
896,92513533,2023-06-13 17:04:26,0,0,0,NCF+SHAP
897,93392728,2023-06-12 22:50:53,22800,11400,1,NCF+SHAP
898,85155757,2023-06-02 11:24:55,66800,30000,1,NCF+SHAP
899,53786866,2023-06-15 11:54:27,60000,30000,1,NCF+SHAP
900,77582692,2023-06-01 15:29:53,22800,11400,1,NCF+SHAP
901,23439593,2023-06-06 11:08:17,120000,60000,3,NCF+SHAP
902,42677187,2023-06-13 15:39:35,60000,30000,1,NCF+SHAP
903,92355577,2023-06-07 14:19:56,19200,9600,1,NCF+SHAP
904,79865859,2023-06-09 19:52:52,22800,11400,1,NCF+SHAP
905,88730360,2023-06-08 17:09:48,60000,30000,1,NCF+SHAP
906,92621391,2023-06-07 16:37:46,36000,18000,1,NCF+SHAP
907,80139152,2023-06-15 14:22:12,0,0,0,NCF+SHAP
908,77819893,2023-06-08 10:27:35,19200,9600,2,NCF+SHAP
909,24832362,2023-06-15 11:39:03,62400,30000,5,NCF+SHAP
910,50926878,2023-06-17 16:12:43,60000,30000,2,NCF+SHAP
911,47857835,2023-06-02 11:58:17,0,0,0,NCF+SHAP
912,92332929,2023-06-18 08:40:40,0,0,0,NCF+SHAP
913,92249400,2023-06-08 16:23:55,60000,30000,1,NCF+SHAP
914,89307284,2023-06-16 16:33:52,0,0,0,NCF+SHAP
915,91432604,2023-06-01 11:17:44,66800,30000,1,NCF+SHAP
916,87250428,2023-06-10 17:36:46,60000,30000,1,NCF+SHAP
917,90045823,2023-06-06 17:09:35,0,0,0,NCF+SHAP
918,92512801,2023-06-13 23:00:15,60000,30000,2,NCF+SHAP
919,92280181,2023-06-15 15:31:19,64800,30000,1,NCF+SHAP
920,90229033,2023-06-15 17:48:50,60000,30000,2,NCF+SHAP
921,91371199,2023-06-13 11:28:59,57600,28800,3,NCF+SHAP
922,93377579,2023-06-05 11:33:07,46800,23400,2,NCF+SHAP
923,10064642,2023-06-04 21:36:49,75000,37500,2,NCF+SHAP
924,82819839,2023-06-07 11:36:22,0,0,0,NCF+SHAP
925,53562021,2023-06-17 16:53:26,60000,30000,1,NCF+SHAP
926,83217286,2023-06-02 21:20:58,0,0,0,NCF+SHAP
927,85937063,2023-06-01 11:57:51,60000,30000,1,NCF+SHAP
928,95968297,2023-06-10 20:39:32,60000,30000,1,NCF+SHAP
929,93413792,2023-06-01 17:47:23,44400,11100,2,NCF+SHAP
930,87222182,2023-06-02 14:14:23,60000,30000,1,NCF+SHAP
931,22999766,2023-06-06 10:19:51,43200,21600,3,NCF+SHAP
932,84761405,2023-06-06 12:48:38,0,0,0,NCF+SHAP
933,82742092,2023-06-15 19:00:46,23400,11700,1,NCF+SHAP
934,81330190,2023-06-01 07:18:45,23400,11700,1,NCF+SHAP
935,59058105,2023-06-19 11:14:11,3000,1500,1,NCF+SHAP
936,88989579,2023-06-07 19:26:07,19200,9600,1,NCF+SHAP
937,88636246,2023-06-04 22:59:27,47712,23856,2,NCF+SHAP
938,91123017,2023-06-16 14:30:11,60000,30000,1,NCF+SHAP
939,88367761,2023-06-05 02:56:46,37600,18800,1,NCF+SHAP
940,94052135,2023-06-14 15:17:22,16560,8280,1,NCF+SHAP
941,55868482,2023-06-05 15:18:39,0,0,0,NCF+SHAP
942,72404564,2023-06-09 16:53:14,32000,16000,2,NCF+SHAP
943,93408720,2023-06-01 15:36:38,37080,18540,1,NCF+SHAP
944,53275421,2023-06-02 12:14:14,40068,20034,1,NCF+SHAP
945,29042296,2023-06-06 15:02:28,35400,17700,1,NCF+SHAP
946,84371455,2023-06-01 16:33:12,24000,12000,4,NCF+SHAP
947,89035946,2023-06-07 16:44:36,11700,5850,1,NCF+SHAP
948,91722060,2023-06-03 13:35:45,60000,30000,2,NCF+SHAP
949,91777276,2023-06-06 15:10:42,60000,30000,1,NCF+SHAP
950,93786413,2023-06-01 16:04:53,50000,25000,1,NCF+SHAP
951,92372885,2023-06-14 16:40:49,19200,9600,1,NCF+SHAP
952,92605131,2023-06-06 11:16:52,60000,30000,1,NCF+SHAP
953,7977784,2023-06-13 14:02:23,33600,16800,4,NCF+SHAP
954,94065722,2023-06-12 14:33:24,23400,11700,1,NCF+SHAP
955,53215584,2023-06-15 15:07:39,66800,30000,1,NCF+SHAP
956,52691027,2023-06-02 18:29:54,0,0,0,NCF+SHAP
957,91939791,2023-06-15 17:31:56,19200,9600,1,NCF+SHAP
958,93359328,2023-06-03 16:09:05,23400,11700,1,NCF+SHAP
959,87170327,2023-06-07 18:24:23,60000,30000,1,NCF+SHAP
960,81607421,2023-06-17 11:52:47,11700,5850,1,NCF+SHAP
961,91781659,2023-06-01 19:39:04,23400,11700,1,NCF+SHAP
962,54939685,2023-06-11 19:48:11,66800,30000,1,NCF+SHAP
963,89132948,2023-06-15 18:20:52,60000,30000,1,NCF+SHAP
964,16168594,2023-06-15 11:54:38,33600,16800,2,NCF+SHAP
965,47356184,2023-06-17 13:15:21,60000,30000,1,NCF+SHAP
966,82012573,2023-06-11 20:55:52,60000,30000,2,NCF+SHAP
967,92349371,2023-06-15 15:48:38,60000,30000,1,NCF+SHAP
968,24207608,2023-06-12 16:51:58,76800,38400,2,NCF+SHAP
969,54304304,2023-06-01 18:21:56,66800,30000,1,NCF+SHAP
970,88227235,2023-06-17 23:42:07,59000,29500,1,NCF+SHAP
971,88934884,2023-06-18 14:15:54,23400,11700,1,NCF+SHAP
972,54646457,2023-06-09 18:05:00,66800,30000,1,NCF+SHAP
973,90346736,2023-06-08 14:15:41,120000,60000,2,NCF+SHAP
974,22899653,2023-06-07 14:50:35,24000,12000,1,NCF+SHAP
975,80459788,2023-06-13 17:04:39,0,0,0,NCF+SHAP
976,82517200,2023-06-13 09:57:31,37200,9600,2,NCF+SHAP
977,83737738,2023-06-01 16:00:24,0,0,0,NCF+SHAP
978,93785646,2023-06-05 22:24:23,0,0,0,NCF+SHAP
979,34990261,2023-06-12 14:03:53,60000,30000,1,NCF+SHAP
980,72530350,2023-06-17 13:46:15,60000,30000,1,NCF+SHAP
981,36828813,2023-06-06 18:01:22,28800,14400,2,NCF+SHAP
982,89196463,2023-06-16 16:26:30,60000,30000,1,NCF+SHAP
983,24406873,2023-06-05 15:33:41,27000,13500,1,NCF+SHAP
984,90772914,2023-06-07 14:54:47,0,0,0,NCF+SHAP
985,90092276,2023-06-14 13:15:15,36000,18000,1,NCF+SHAP
986,93383404,2023-06-05 14:55:32,22800,11400,1,NCF+SHAP
987,91697908,2023-06-19 15:29:12,60000,30000,1,NCF+SHAP
988,91063849,2023-06-05 16:12:42,120000,60000,2,NCF+SHAP
989,23199735,2023-06-15 10:12:32,27000,13500,1,NCF+SHAP
990,27524183,2023-06-02 17:53:08,0,0,0,NCF+SHAP
991,54080493,2023-06-06 14:50:12,0,0,0,NCF+SHAP
992,1514978,2023-06-01 12:28:20,16000,8000,1,NCF+SHAP
993,92206697,2023-06-07 17:10:31,60000,30000,1,NCF+SHAP
994,92358482,2023-06-02 17:02:32,23400,11700,1,NCF+SHAP
995,53887180,2023-06-15 10:44:27,37200,18600,4,NCF+SHAP
996,94045677,2023-06-06 11:59:54,64800,30000,1,NCF+SHAP
997,93238710,2023-06-05 16:50:21,40068,20034,1,NCF+SHAP
998,67062406,2023-06-19 14:16:59,0,0,0,NCF+SHAP
999,93244380,2023-06-19 21:35:45,23400,11700,1,NCF+SHAP
1000,87051357,2023-06-07 18:45:39,60000,30000,1,NCF+SHAP
1001,90627166,2023-06-02 12:43:14,22800,11400,1,NCF+SHAP
1002,45701111,2023-06-17 11:50:42,60000,30000,1,NCF+SHAP
1003,88993882,2023-06-16 10:29:23,50000,25000,1,NCF+SHAP
1004,92284969,2023-06-02 12:10:07,60000,30000,1,NCF+SHAP
1005,82890797,2023-06-09 01:28:06,189000,90000,3,NCF+SHAP
1006,82236124,2023-06-14 12:16:05,11700,5850,1,NCF+SHAP
1007,93239513,2023-06-09 15:33:09,23400,11700,1,NCF+SHAP
1008,72559216,2023-06-15 11:57:36,60000,30000,1,NCF+SHAP
1009,87217456,2023-06-07 17:25:49,60000,30000,1,NCF+SHAP
1010,92312297,2023-06-06 11:33:49,35400,17700,1,NCF+SHAP
1011,87424981,2023-06-02 10:51:11,23400,11700,1,NCF+SHAP
1012,34785732,2023-06-09 12:55:15,60000,30000,1,NCF+SHAP
1013,24731189,2023-06-19 18:06:32,60000,30000,1,NCF+SHAP
1014,82841261,2023-06-09 14:58:06,60000,30000,1,NCF+SHAP
1015,83275927,2023-06-09 13:34:49,20000,10000,1,NCF+SHAP
1016,91742018,2023-06-09 10:05:13,0,0,0,NCF+SHAP
1017,10998545,2023-06-10 14:26:32,46800,23400,2,NCF+SHAP
1018,85090360,2023-06-05 17:56:34,46800,23400,2,NCF+SHAP
1019,42864956,2023-06-05 15:41:18,0,0,0,NCF+SHAP
1020,88495219,2023-06-01 14:39:40,60000,30000,1,NCF+SHAP
1021,40348409,2023-06-19 11:19:05,60000,30000,2,NCF+SHAP
1022,88358165,2023-06-01 15:57:43,23400,11700,1,NCF+SHAP
1023,53242626,2023-06-01 10:32:54,33600,16800,3,NCF+SHAP
1024,83038404,2023-06-17 17:06:39,94000,30000,1,NCF+SHAP
1025,34586261,2023-06-19 12:01:51,14400,7200,2,NCF+SHAP
1026,91549983,2023-06-19 15:24:54,53000,26500,3,NCF+SHAP
1027,72714596,2023-06-12 22:25:07,23856,11928,1,NCF+SHAP
1028,87464499,2023-06-14 15:30:42,60000,30000,1,NCF+SHAP
1029,31408411,2023-06-05 15:23:13,63856,30000,2,NCF+SHAP
1030,93362978,2023-06-15 21:08:00,49680,24840,1,NCF+SHAP
1031,88496245,2023-06-01 12:36:48,60000,30000,1,NCF+SHAP
1032,92645252,2023-06-01 11:38:05,19200,9600,1,NCF+SHAP
1033,37848176,2023-06-05 12:06:25,60000,30000,1,NCF+SHAP
1034,23363192,2023-06-13 14:30:54,19200,9600,2,NCF+SHAP
1035,92133549,2023-06-12 14:49:52,23400,11700,1,NCF+SHAP
1036,54708376,2023-06-14 11:49:43,60000,30000,1,NCF+SHAP
1037,89155553,2023-06-15 17:59:14,6999,3499,1,NCF+SHAP
1038,72344969,2023-06-14 15:14:48,60000,30000,1,NCF+SHAP
1039,90083332,2023-06-14 15:41:51,0,0,0,NCF+SHAP
1040,94068896,2023-06-07 10:28:54,64800,30000,1,NCF+SHAP
1041,89123188,2023-06-16 17:59:18,0,0,0,NCF+SHAP
1042,38947054,2023-06-15 11:42:49,60000,30000,1,NCF+SHAP
1043,88647980,2023-06-17 22:53:53,0,0,0,NCF+SHAP
1044,91940018,2023-06-04 21:32:01,19200,9600,1,NCF+SHAP
1045,92287776,2023-06-02 12:12:30,0,0,0,NCF+SHAP
1046,53639725,2023-06-06 14:30:40,120000,60000,2,NCF+SHAP
1047,90774096,2023-06-06 13:35:14,20000,10000,1,NCF+SHAP
1048,88003024,2023-06-13 21:38:08,60000,30000,2,NCF+SHAP
1049,38986648,2023-06-07 13:57:46,60000,30000,1,NCF+SHAP
1050,72542216,2023-06-14 13:15:28,0,0,0,NCF+SHAP
1051,42165947,2023-06-08 20:18:49,60000,30000,2,NCF+SHAP
1052,42859975,2023-06-05 08:34:59,45600,22800,2,NCF+SHAP
1053,47694185,2023-06-05 14:48:20,23856,11928,1,NCF+SHAP
1054,31711672,2023-06-14 17:07:19,66800,30000,1,NCF+SHAP
1055,91547063,2023-06-19 06:37:02,0,0,0,NCF+SHAP
1056,53603825,2023-06-06 15:23:16,60000,30000,1,NCF+SHAP
1057,92331294,2023-06-13 20:46:26,22800,11400,1,NCF+SHAP
1058,93221366,2023-06-10 15:25:12,0,0,0,NCF+SHAP
1059,16598004,2023-06-13 09:23:20,0,0,0,NCF+SHAP
1060,89004486,2023-06-06 18:07:45,0,0,0,NCF+SHAP
1061,91237356,2023-06-08 15:49:13,66800,30000,1,NCF+SHAP
1062,90478150,2023-06-06 15:42:26,0,0,0,NCF+SHAP
1063,28503897,2023-06-17 09:41:45,43000,21500,1,NCF+SHAP
1064,34771293,2023-06-12 17:19:51,19200,9600,1,NCF+SHAP
1065,92252805,2023-06-14 14:25:08,22800,11400,1,NCF+SHAP
1066,27916097,2023-06-12 17:21:40,60000,30000,1,NCF+SHAP
1067,88982870,2023-06-06 18:27:17,0,0,0,NCF+SHAP
1068,72511699,2023-06-05 13:59:50,60000,30000,1,NCF+SHAP
1069,91072621,2023-06-02 13:18:38,23856,11928,1,NCF+SHAP
1070,24625568,2023-06-15 22:10:54,60000,30000,1,NCF+SHAP
1071,92329678,2023-06-09 15:38:25,60000,30000,1,NCF+SHAP
1072,94061628,2023-06-03 17:03:06,19200,9600,1,NCF+SHAP
1073,24452714,2023-06-14 18:56:30,0,0,0,NCF+SHAP
1074,88727386,2023-06-01 17:55:07,60000,30000,1,NCF+SHAP
1075,16893884,2023-06-15 16:08:37,30000,15000,1,NCF+SHAP
1076,87225391,2023-06-09 19:44:26,60000,30000,1,NCF+SHAP
1077,90423450,2023-06-05 16:19:45,60000,30000,1,NCF+SHAP
1078,94042968,2023-06-07 17:25:18,60000,30000,2,NCF+SHAP
1079,90693756,2023-06-08 13:17:36,82200,41100,3,NCF+SHAP
1080,90568568,2023-06-05 15:07:02,60000,30000,2,NCF+SHAP
1081,89018876,2023-06-05 20:55:34,16000,8000,1,NCF+SHAP
1082,23786214,2023-06-15 15:09:30,0,0,0,NCF+SHAP
1083,10830510,2023-06-05 16:04:36,60000,30000,2,NCF+SHAP
1084,91124830,2023-06-15 20:26:15,60000,30000,1,NCF+SHAP
1085,38987800,2023-06-08 14:20:33,60000,30000,1,NCF+SHAP
1086,23679755,2023-06-05 13:45:27,0,0,0,NCF+SHAP
1087,82215845,2023-06-07 20:34:01,200400,90000,3,NCF+SHAP
1088,47599008,2023-06-01 12:13:35,60000,30000,1,NCF+SHAP
1089,92312233,2023-06-16 06:27:29,19200,9600,1,NCF+SHAP
1090,47304412,2023-06-05 14:42:43,60000,30000,1,NCF+SHAP
1091,13429054,2023-06-06 14:46:20,60000,30000,1,NCF+SHAP
1092,72702986,2023-06-12 22:56:14,70800,35400,2,NCF+SHAP
1093,99079393,2023-06-09 11:42:18,25000,12500,1,NCF+SHAP
1094,92371513,2023-06-19 21:39:50,19200,9600,1,NCF+SHAP
1095,89145465,2023-06-13 15:39:51,69800,30000,1,NCF+SHAP
1096,16135996,2023-06-06 10:50:25,60000,30000,1,NCF+SHAP
1097,53625010,2023-06-09 09:32:35,60000,30000,1,NCF+SHAP
1098,72790279,2023-06-06 16:40:50,60000,30000,2,NCF+SHAP
1099,82397036,2023-06-02 15:17:21,60000,30000,1,NCF+SHAP
1100,90538093,2023-06-15 18:23:00,47400,23700,1,NCF+SHAP
1101,93276278,2023-06-05 10:48:38,19200,9600,1,NCF+SHAP
1102,72805977,2023-06-01 15:58:04,60000,30000,2,NCF+SHAP
1103,90261602,2023-06-02 18:55:31,60000,30000,2,NCF+SHAP
1104,88363456,2023-06-15 12:22:51,23400,11700,1,NCF+SHAP
1105,89133398,2023-06-08 18:47:28,60000,30000,1,NCF+SHAP
1106,10714527,2023-06-07 16:49:30,37080,18540,1,NCF+SHAP
1107,82288121,2023-06-08 21:23:08,22800,11400,1,NCF+SHAP
1108,94118208,2023-06-19 10:41:13,17700,8850,1,NCF+SHAP
1109,90755648,2023-06-13 20:09:34,22800,11400,1,NCF+SHAP
1110,43861915,2023-06-19 10:48:40,46800,23400,2,NCF+SHAP
1111,91422079,2023-06-13 14:34:51,46800,23400,2,NCF+SHAP
1112,92620793,2023-06-19 22:15:21,22800,11400,1,NCF+SHAP
1113,92305649,2023-06-01 14:59:29,40320,20160,1,NCF+SHAP
1114,88542374,2023-06-08 13:53:00,0,0,0,NCF+SHAP
1115,88521292,2023-06-17 14:11:53,60000,30000,1,NCF+SHAP
1116,83102572,2023-06-13 09:35:51,60000,30000,1,NCF+SHAP
1117,92123535,2023-06-08 20:47:18,60000,30000,1,NCF+SHAP
1118,88367093,2023-06-16 21:44:17,22800,11400,1,NCF+SHAP
1119,83222176,2023-06-09 11:23:03,22800,11400,1,NCF+SHAP
1120,61338808,2023-06-01 20:45:51,0,0,0,NCF+SHAP
1121,91111791,2023-06-05 14:27:52,46800,23400,2,NCF+SHAP
1122,88543296,2023-06-06 16:15:17,60000,30000,1,NCF+SHAP
1123,88220113,2023-06-07 11:12:54,60000,30000,1,NCF+SHAP
1124,24358339,2023-06-15 11:19:46,28800,14400,2,NCF+SHAP
1125,92528120,2023-06-06 17:45:06,35100,17550,2,NCF+SHAP
1126,68658707,2023-06-19 19:10:28,60000,30000,1,NCF+SHAP
1127,83024909,2023-06-16 16:18:18,0,0,0,NCF+SHAP
1128,88491831,2023-06-01 20:54:21,60000,30000,1,NCF+SHAP
1129,90308254,2023-06-19 14:37:15,53000,26500,3,NCF+SHAP
1130,88988298,2023-06-08 16:50:39,41256,20628,1,NCF+SHAP
1131,7006606,2023-06-16 11:01:51,48000,24000,4,NCF+SHAP
1132,82782609,2023-06-06 10:28:39,0,0,0,NCF+SHAP
1133,88285142,2023-06-19 10:10:39,60000,30000,2,NCF+SHAP
1134,70684060,2023-06-02 15:07:15,78000,39000,7,NCF+SHAP
1135,89296414,2023-06-01 17:46:16,62400,30000,5,NCF+SHAP
1136,82625952,2023-06-15 13:40:18,60000,30000,1,NCF+SHAP
1137,82308631,2023-06-16 02:17:09,23400,11700,1,NCF+SHAP
1138,82998734,2023-06-08 15:04:25,47600,23800,1,NCF+SHAP
1139,53509954,2023-06-01 14:50:34,56400,28200,6,NCF+SHAP
1140,90624180,2023-06-14 13:18:32,66800,30000,1,NCF+SHAP
1141,42655016,2023-06-16 13:42:42,0,0,0,NCF+SHAP
1142,45882957,2023-06-08 16:09:52,126000,60000,2,NCF+SHAP
1143,90186365,2023-06-16 17:08:42,0,0,0,NCF+SHAP
1144,85199848,2023-06-11 12:56:48,60000,30000,2,NCF+SHAP
1145,91429087,2023-06-06 21:15:08,66800,30000,1,NCF+SHAP
1146,88209757,2023-06-12 15:51:32,60000,30000,2,NCF+SHAP
1147,92500657,2023-06-14 14:24:43,80136,40068,2,NCF+SHAP
1148,92513668,2023-06-08 20:41:27,60000,30000,2,NCF+SHAP
1149,38983831,2023-06-03 19:48:44,60000,30000,1,NCF+SHAP
1150,26959385,2023-06-12 00:48:26,0,0,0,NCF+SHAP
1151,92245994,2023-06-09 18:43:17,60000,30000,1,NCF+SHAP
1152,37685567,2023-06-14 16:54:09,19200,9600,1,NCF+SHAP
1153,6588442,2023-06-01 15:43:49,120000,60000,4,NCF+SHAP
1154,91076437,2023-06-13 15:58:40,60000,30000,1,NCF+SHAP
1155,38945345,2023-06-15 13:05:43,60000,30000,1,NCF+SHAP
1156,80563430,2023-06-15 17:14:23,55000,27500,1,NCF+SHAP
1157,88368229,2023-06-15 14:32:38,50856,25428,1,NCF+SHAP
1158,82805595,2023-06-19 09:48:22,0,0,0,NCF+SHAP
1159,27377984,2023-06-14 15:55:36,60000,30000,1,NCF+SHAP
1160,90657581,2023-06-14 20:16:56,23400,11700,1,NCF+SHAP
1161,84535302,2023-06-09 15:02:58,60000,30000,1,NCF+SHAP
1162,88674114,2023-06-16 14:44:19,40000,20000,1,NCF+SHAP
1163,24729326,2023-06-14 15:03:03,0,0,0,NCF+SHAP
1164,53749413,2023-06-07 09:24:23,0,0,0,NCF+SHAP
1165,47515824,2023-06-09 18:37:06,60000,30000,1,NCF+SHAP
1166,88448309,2023-06-16 15:56:00,60000,30000,1,NCF+SHAP
1167,9108679,2023-06-06 18:07:21,60597,30000,3,NCF+SHAP
1168,53506838,2023-06-14 16:14:25,0,0,0,NCF+SHAP
1169,52875995,2023-06-14 11:43:27,63000,30000,1,NCF+SHAP
1170,9557871,2023-06-15 13:27:03,21600,10800,2,NCF+SHAP
1171,85303080,2023-06-09 00:18:17,22200,11100,1,NCF+SHAP
1172,91777304,2023-06-14 16:24:44,18456,9228,1,NCF+SHAP
1173,88494035,2023-06-01 15:58:08,60000,30000,1,NCF+SHAP
1174,82010408,2023-06-06 17:03:21,60000,30000,2,NCF+SHAP
1175,51366608,2023-06-15 12:41:11,60000,30000,1,NCF+SHAP
1176,61816884,2023-06-14 10:53:25,23856,11928,1,NCF+SHAP
1177,68609609,2023-06-09 15:36:52,0,0,0,NCF+SHAP
1178,28035445,2023-06-08 13:55:32,66800,30000,1,NCF+SHAP
1179,50794188,2023-06-05 13:25:57,0,0,0,NCF+SHAP
1180,82538330,2023-06-12 10:40:24,60000,30000,1,NCF+SHAP
1181,92274738,2023-06-16 11:15:05,60000,30000,1,NCF+SHAP
1182,85487860,2023-06-05 14:00:36,0,0,0,NCF+SHAP
1183,82800780,2023-06-16 11:39:01,3600,1800,1,NCF+SHAP
1184,90259795,2023-06-12 16:24:35,0,0,0,NCF+SHAP
1185,83384426,2023-06-08 15:10:20,120000,60000,2,NCF+SHAP
1186,54048121,2023-06-08 16:10:41,12000,6000,2,NCF+SHAP
1187,91784240,2023-06-03 15:50:37,40000,20000,1,NCF+SHAP
1188,83206984,2023-06-12 15:23:16,46800,23400,2,NCF+SHAP
1189,59172443,2023-06-09 10:29:36,60000,30000,2,NCF+SHAP
1190,89187112,2023-06-07 16:18:40,49680,24840,1,NCF+SHAP
1191,91786633,2023-06-07 11:02:55,23400,11700,1,NCF+SHAP
1192,81332726,2023-06-17 11:26:33,43000,21500,1,NCF+SHAP
1193,90382459,2023-06-14 10:40:23,25000,12500,1,NCF+SHAP
1194,72589844,2023-06-01 16:55:21,60000,30000,1,NCF+SHAP
1195,50857140,2023-06-06 16:55:56,60000,30000,1,NCF+SHAP
1196,86062102,2023-06-05 18:58:56,70800,30000,2,NCF+SHAP
1197,87049466,2023-06-07 13:21:03,60000,30000,1,NCF+SHAP
1198,88489259,2023-06-01 18:09:14,60000,30000,1,NCF+SHAP
1199,83836771,2023-06-01 10:54:48,0,0,0,NCF+SHAP
1200,91373915,2023-06-01 15:35:46,60000,30000,2,NCF+SHAP
1201,85780610,2023-06-19 20:33:23,35256,17628,1,NCF+SHAP
1202,27617871,2023-06-13 10:23:56,39600,19800,2,NCF+SHAP
1203,88367495,2023-06-19 12:52:22,60000,30000,1,NCF+SHAP
1204,53618643,2023-06-09 18:15:36,45600,22800,2,NCF+SHAP
1205,94114110,2023-06-07 14:29:07,47250,23625,1,NCF+SHAP
1206,91084324,2023-06-08 12:58:25,0,0,0,NCF+SHAP
1207,96994792,2023-06-12 14:53:31,25200,12600,4,NCF+SHAP
1208,80136985,2023-06-12 13:36:16,33600,16800,2,NCF+SHAP
1209,72911822,2023-06-01 16:37:14,60000,30000,1,NCF+SHAP
1210,54838315,2023-06-01 14:49:36,40000,20000,1,NCF+SHAP
1211,83030542,2023-06-14 00:12:47,12000,6000,1,NCF+SHAP
1212,94106131,2023-06-01 20:14:18,0,0,0,NCF+SHAP
1213,31723585,2023-06-14 11:15:55,36912,18456,2,NCF+SHAP
1214,89160633,2023-06-09 14:41:14,55000,27500,1,NCF+SHAP
1215,4613282,2023-06-19 15:31:36,28800,14400,2,NCF+SHAP
1216,93277065,2023-06-17 14:03:06,60000,30000,1,NCF+SHAP
1217,88139866,2023-06-13 11:55:11,60000,30000,1,NCF+SHAP
1218,88391679,2023-06-03 14:04:03,11700,5850,1,NCF+SHAP
1219,91934867,2023-06-18 15:10:25,120000,60000,2,NCF+SHAP
1220,28071504,2023-06-06 16:06:01,19200,9600,2,NCF+SHAP
1221,89190019,2023-06-18 17:39:22,22800,11400,1,NCF+SHAP
1222,89179865,2023-06-04 13:07:49,66800,30000,1,NCF+SHAP
1223,22490945,2023-06-13 13:17:31,110400,55200,7,NCF+SHAP
1224,72729697,2023-06-16 13:42:06,240000,120000,4,NCF+SHAP
1225,81405614,2023-06-06 09:35:47,60000,30000,1,NCF+SHAP
1226,85794207,2023-06-16 20:18:23,23856,11928,1,NCF+SHAP
1227,82385974,2023-06-07 19:15:26,60000,30000,1,NCF+SHAP
1228,10701332,2023-06-08 14:38:18,60000,30000,2,NCF+SHAP
1229,53928231,2023-06-09 11:34:17,0,0,0,NCF+SHAP
1230,53630436,2023-06-12 11:38:34,14000,7000,2,NCF+SHAP
1231,88630290,2023-06-05 14:07:28,65000,30000,1,NCF+SHAP
1232,50948705,2023-06-16 10:45:44,89760,44880,2,NCF+SHAP
1233,92548287,2023-06-13 09:02:09,63856,30000,2,NCF+SHAP
1234,72330037,2023-06-09 15:10:37,45600,22800,2,NCF+SHAP
1235,38659460,2023-06-05 15:43:14,48000,24000,3,NCF+SHAP
1236,91786710,2023-06-15 20:13:14,23400,11700,1,NCF+SHAP
1237,72905151,2023-06-09 21:27:10,0,0,0,NCF+SHAP
1238,85473459,2023-06-08 12:29:57,60000,30000,1,NCF+SHAP
1239,88006084,2023-06-01 15:58:23,19200,9600,1,NCF+SHAP
1240,64407407,2023-06-14 11:40:19,60000,30000,1,NCF+SHAP
1241,83040555,2023-06-18 00:01:48,0,0,0,NCF+SHAP
1242,66821400,2023-06-19 15:36:01,60000,30000,1,NCF+SHAP
1243,13066525,2023-06-10 10:58:41,23760,11880,2,NCF+SHAP
1244,24959874,2023-06-08 12:33:39,60000,30000,2,NCF+SHAP
1245,91781399,2023-06-15 16:31:04,23400,11700,1,NCF+SHAP
1246,27836051,2023-06-13 15:10:08,24000,12000,1,NCF+SHAP
1247,54607932,2023-06-07 16:18:55,90000,45000,2,NCF+SHAP
1248,41214224,2023-06-17 11:08:14,40068,20034,1,NCF+SHAP
1249,37983664,2023-06-15 13:41:02,60000,30000,1,NCF+SHAP
1250,81173608,2023-06-13 14:44:25,60000,30000,2,NCF+SHAP
1251,87484376,2023-06-19 12:12:20,60000,30000,4,NCF+SHAP
1252,50967673,2023-06-05 14:46:16,57600,28800,3,NCF+SHAP
1253,10962048,2023-06-08 15:55:20,60000,30000,1,NCF+SHAP
1254,29088481,2023-06-07 17:15:50,60000,30000,1,NCF+SHAP
1255,90867448,2023-06-12 20:34:45,0,0,0,NCF+SHAP
1256,30391742,2023-06-09 18:41:42,71568,35784,3,NCF+SHAP
1257,80483041,2023-06-16 14:12:44,60000,30000,1,NCF+SHAP
1258,88402660,2023-06-16 10:49:03,4776,2388,2,NCF+SHAP
1259,88356835,2023-06-12 16:42:26,60000,30000,1,NCF+SHAP
1260,19212454,2023-06-09 14:07:36,60000,30000,1,NCF+SHAP
1261,42434062,2023-06-19 14:58:10,23400,11700,1,NCF+SHAP
1262,54940661,2023-06-16 14:11:09,60000,30000,1,NCF+SHAP
1263,85012196,2023-06-06 16:14:32,47000,23500,1,NCF+SHAP
1264,70457298,2023-06-08 12:03:05,180000,30000,3,NCF+SHAP
1265,88724986,2023-06-09 12:16:25,60000,30000,1,NCF+SHAP
1266,70728778,2023-06-07 14:22:21,66800,30000,1,NCF+SHAP
1267,24906342,2023-06-15 22:31:58,45600,22800,2,NCF+SHAP
1268,38981783,2023-06-07 18:29:26,60000,30000,1,NCF+SHAP
1269,90596494,2023-06-01 12:22:39,0,0,0,NCF+SHAP
1270,94050777,2023-06-02 12:22:47,23400,11700,1,NCF+SHAP
1271,47784931,2023-06-08 16:57:38,60000,30000,2,NCF+SHAP
1272,92333223,2023-06-09 13:49:36,60000,30000,1,NCF+SHAP
1273,24668284,2023-06-19 13:28:34,60000,30000,1,NCF+SHAP
1274,83793225,2023-06-14 17:27:18,23400,11700,1,NCF+SHAP
1275,75901360,2023-06-12 17:20:25,0,0,0,NCF+SHAP
1276,87292905,2023-06-14 17:45:55,60000,30000,1,NCF+SHAP
1277,91756737,2023-06-07 09:52:06,60000,30000,1,NCF+SHAP
1278,88367586,2023-06-05 01:22:56,23400,11700,1,NCF+SHAP
1279,90477672,2023-06-01 11:57:14,64800,30000,1,NCF+SHAP
1280,92121059,2023-06-05 17:27:19,48000,24000,2,NCF+SHAP
1281,69458621,2023-06-15 23:22:34,0,0,0,NCF+SHAP
1282,91019470,2023-06-12 12:06:22,23400,11700,1,NCF+SHAP
1283,89037249,2023-06-02 16:12:06,40000,20000,1,NCF+SHAP
1284,42748079,2023-06-08 15:23:04,60000,30000,1,NCF+SHAP
1285,92281077,2023-06-17 11:36:58,60000,30000,1,NCF+SHAP
1286,92506097,2023-06-11 19:24:47,60000,30000,2,NCF+SHAP
1287,50531165,2023-06-01 19:00:59,60000,30000,1,NCF+SHAP
1288,92152263,2023-06-01 10:56:22,0,0,0,NCF+SHAP
1289,72498865,2023-06-08 20:22:50,60000,30000,2,NCF+SHAP
1290,91779112,2023-06-15 18:04:12,23400,11700,1,NCF+SHAP
1291,43839837,2023-06-15 00:32:10,36000,18000,1,NCF+SHAP
1292,83007789,2023-06-11 13:58:40,22800,11400,1,NCF+SHAP
1293,85833927,2023-06-05 19:31:08,63856,30000,2,NCF+SHAP
1294,55957246,2023-06-01 13:12:32,9600,4800,1,NCF+SHAP
1295,83590191,2023-06-01 13:20:05,60000,30000,1,NCF+SHAP
1296,45895355,2023-06-17 14:58:17,0,0,0,NCF+SHAP
1297,88135242,2023-06-09 11:00:21,60000,30000,1,NCF+SHAP
1298,10597181,2023-06-08 12:52:50,60000,30000,2,NCF+SHAP
1299,88717845,2023-06-02 12:08:55,60000,30000,1,NCF+SHAP
1300,47464135,2023-06-16 00:42:11,11088,5544,1,NCF+SHAP
1301,87448702,2023-06-18 19:33:50,60000,30000,1,NCF+SHAP
1302,85877092,2023-06-19 21:58:16,43000,21500,1,NCF+SHAP
1303,83386228,2023-06-09 16:55:04,60000,30000,2,NCF+SHAP
1304,19658125,2023-06-09 11:11:36,60000,30000,2,NCF+SHAP
1305,43642709,2023-06-15 15:16:25,60000,30000,1,NCF+SHAP
1306,50575894,2023-06-12 11:18:59,23856,11928,1,NCF+SHAP
1307,80663769,2023-06-05 17:20:32,0,0,0,NCF+SHAP
1308,54803385,2023-06-06 17:23:01,60000,30000,2,NCF+SHAP
1309,83041978,2023-06-01 10:30:06,7200,3600,1,NCF+SHAP
1310,22410197,2023-06-15 16:33:16,25000,12500,1,NCF+SHAP
1311,91137005,2023-06-11 10:59:43,60000,30000,2,NCF+SHAP
1312,54714341,2023-06-07 12:04:47,15600,7800,1,NCF+SHAP
1313,87599074,2023-06-01 12:56:53,60000,30000,1,NCF+SHAP
1314,10520515,2023-06-14 15:19:32,60000,30000,1,NCF+SHAP
1315,16626536,2023-06-14 12:17:03,60000,30000,1,NCF+SHAP
1316,24379593,2023-06-01 16:27:01,28800,14400,4,NCF+SHAP
1317,91213925,2023-06-12 16:52:43,11700,5850,1,NCF+SHAP
1318,56642081,2023-06-15 17:49:57,0,0,0,NCF+SHAP
1319,90396329,2023-06-16 15:29:04,22800,11400,1,NCF+SHAP
1320,40702267,2023-06-07 20:36:31,0,0,0,NCF+SHAP
1321,11014591,2023-06-02 12:11:57,14400,7200,3,NCF+SHAP
1322,92538871,2023-06-02 21:11:07,23400,11700,1,NCF+SHAP
1323,52677051,2023-06-01 12:14:15,64800,30000,1,NCF+SHAP
