encoded,original
0,F39E93C29EB92923E0531512620AECF8
1,F03FE160346F0DAEE0531512620AC1A1
2,F39E93C29E592923E0531512620AECF8
3,F03FE16037430DAEE0531512620AC1A1
4,F39E93C29E252923E0531512620AECF8
5,F03FE16039330DAEE0531512620AC1A1
6,F03FE16039270DAEE0531512620AC1A1
7,F39E93C29E452923E0531512620AECF8
8,F03FE160391B0DAEE0531512620AC1A1
9,DCAA739CC311206FE0531512620AD3C7
10,DCAA739CBE16206FE0531512620AD3C7
11,F03FE16035730DAEE0531512620AC1A1
12,F03FE16034FB0DAEE0531512620AC1A1
13,DCAA739CC152206FE0531512620AD3C7
14,DCAA739CBEBA206FE0531512620AD3C7
15,DCAA739CC418206FE0531512620AD3C7
16,DCAA739CC026206FE0531512620AD3C7
17,DCAA739CC01E206FE0531512620AD3C7
18,DCAA739CC022206FE0531512620AD3C7
19,DCAA739CC14A206FE0531512620AD3C7
20,DCAA739CC012206FE0531512620AD3C7
21,DCAA739CC378206FE0531512620AD3C7
22,DCAA739CBFFE206FE0531512620AD3C7
23,DCAA739CBF76206FE0531512620AD3C7
24,DCAA739CBF0A206FE0531512620AD3C7
25,DCAA739CBE6A206FE0531512620AD3C7
26,DCAA739CBF7A206FE0531512620AD3C7
27,DCAA739CC38C206FE0531512620AD3C7
28,DFD15B1EA9365FECE0531512620AD3A1
29,DCAA739CC343206FE0531512620AD3C7
30,DCAA739CBFB2206FE0531512620AD3C7
31,F03FE16032AF0DAEE0531512620AC1A1
32,DCAA739CC229206FE0531512620AD3C7
33,DCAA739CC3AD206FE0531512620AD3C7
34,F03FE16035570DAEE0531512620AC1A1
35,F39E93C29AF52923E0531512620AECF8
36,F03FE16038230DAEE0531512620AC1A1
37,F39E93C29E3D2923E0531512620AECF8
38,F03FE16033870DAEE0531512620AC1A1
39,F03FE160338B0DAEE0531512620AC1A1
40,F03FE160393B0DAEE0531512620AC1A1
41,F03FE16034970DAEE0531512620AC1A1
42,F03FE16035030DAEE0531512620AC1A1
43,F39E93C29B052923E0531512620AECF8
44,F39E93C29B092923E0531512620AECF8
45,F03FE16034770DAEE0531512620AC1A1
46,F03FE16037CF0DAEE0531512620AC1A1
47,F03FE16036370DAEE0531512620AC1A1
48,F03FE16035830DAEE0531512620AC1A1
49,DCAA739CBF6E206FE0531512620AD3C7
50,DCAA739CC016206FE0531512620AD3C7
51,DFD15B1EA8E65FECE0531512620AD3A1
52,F03FE160341F0DAEE0531512620AC1A1
53,DCAA739CC366206FE0531512620AD3C7
54,DCAA739CBE72206FE0531512620AD3C7
55,DFD15B1EA83A5FECE0531512620AD3A1
56,DCAA739CBFEA206FE0531512620AD3C7
57,DCAA739CC392206FE0531512620AD3C7
58,DCAA739CBF32206FE0531512620AD3C7
59,F03FE16039130DAEE0531512620AC1A1
60,F39E93C29ECD2923E0531512620AECF8
61,DCAA739CBEEE206FE0531512620AD3C7
62,F03FE160398F0DAEE0531512620AC1A1
63,F03FE16039AB0DAEE0531512620AC1A1
64,F03FE16032B70DAEE0531512620AC1A1
65,F03FE16034230DAEE0531512620AC1A1
66,F03FE16034270DAEE0531512620AC1A1
67,F39E93C29E412923E0531512620AECF8
68,F03FE16034930DAEE0531512620AC1A1
69,F39E93C29E2D2923E0531512620AECF8
70,DCAA739CBE12206FE0531512620AD3C7
71,DCAA739CC0A6206FE0531512620AD3C7
72,DCAA739CC04A206FE0531512620AD3C7
73,DCAA739CC440206FE0531512620AD3C7
74,DCAA739CBEC2206FE0531512620AD3C7
75,DCAA739CC07E206FE0531512620AD3C7
76,DCAA739CBEF2206FE0531512620AD3C7
77,DCAA739CBFF6206FE0531512620AD3C7
78,DFD15B1EA8965FECE0531512620AD3A1
79,DCAA739CC256206FE0531512620AD3C7
80,F03FE16038270DAEE0531512620AC1A1
81,F03FE160382B0DAEE0531512620AC1A1
82,DCAA739CC036206FE0531512620AD3C7
83,DCAA739CBEBE206FE0531512620AD3C7
84,F03FE16037A70DAEE0531512620AC1A1
85,DCAA739CC14E206FE0531512620AD3C7
86,DCAA739CC03A206FE0531512620AD3C7
87,DCAA739CC126206FE0531512620AD3C7
88,DCAA739CBFBE206FE0531512620AD3C7
89,DCAA739CC03E206FE0531512620AD3C7
90,DCAA739CC00A206FE0531512620AD3C7
91,DCAA739CC002206FE0531512620AD3C7
92,F03FE16035DF0DAEE0531512620AC1A1
93,F03FE160370F0DAEE0531512620AC1A1
94,F39E93C29C112923E0531512620AECF8
95,F03FE16036270DAEE0531512620AC1A1
96,DCAA739CBE0E206FE0531512620AD3C7
97,DCAA739CBF86206FE0531512620AD3C7
98,F03FE160344B0DAEE0531512620AC1A1
99,DCAA739CBDDA206FE0531512620AD3C7
100,DCAA739CC2DA206FE0531512620AD3C7
101,DCAA739CC11A206FE0531512620AD3C7
102,CDCFD720FFE42F8EE0531512620A42FD
103,F39E93C29CD92923E0531512620AECF8
104,F39E93C29E312923E0531512620AECF8
105,F39E93C29E352923E0531512620AECF8
106,F03FE160338F0DAEE0531512620AC1A1
107,F03FE16036BB0DAEE0531512620AC1A1
108,DCAA739CC2A1206FE0531512620AD3C7
109,F03FE16033170DAEE0531512620AC1A1
110,F03FE16035AF0DAEE0531512620AC1A1
111,DCAA739CC360206FE0531512620AD3C7
112,DCAA739CBF46206FE0531512620AD3C7
113,DFD15B1EA86A5FECE0531512620AD3A1
114,F03FE16036030DAEE0531512620AC1A1
115,DCAA739CC26B206FE0531512620AD3C7
116,DCAA739CC307206FE0531512620AD3C7
117,DCAA739CC429206FE0531512620AD3C7
118,F03FE16036F70DAEE0531512620AC1A1
119,F03FE16034170DAEE0531512620AC1A1
120,DFD15B1EA89E5FECE0531512620AD3A1
121,DCAA739CC132206FE0531512620AD3C7
122,DCAA739CC363206FE0531512620AD3C7
123,DFD15B1EA9165FECE0531512620AD3A1
124,DCAA739CBDFE206FE0531512620AD3C7
125,DCAA739CBE2A206FE0531512620AD3C7
126,DCAA739CBE5E206FE0531512620AD3C7
127,DCAA739CBE62206FE0531512620AD3C7
128,DCAA739CC092206FE0531512620AD3C7
129,DCAA739CBFA6206FE0531512620AD3C7
130,DCAA739CBFC6206FE0531512620AD3C7
131,F03FE160352B0DAEE0531512620AC1A1
132,DCAA739CC430206FE0531512620AD3C7
133,F39E93C29D892923E0531512620AECF8
134,F03FE16034A70DAEE0531512620AC1A1
135,DCAA739CC389206FE0531512620AD3C7
136,DCAA739CBF52206FE0531512620AD3C7
137,F03FE16039830DAEE0531512620AC1A1
138,DCAA739CC2EF206FE0531512620AD3C7
139,DCAA739CBF96206FE0531512620AD3C7
140,F03FE160347F0DAEE0531512620AC1A1
141,DCAA739CBDEE206FE0531512620AD3C7
142,F03FE160362B0DAEE0531512620AC1A1
143,F39E93C29CC92923E0531512620AECF8
144,F03FE16037070DAEE0531512620AC1A1
145,F03FE160389F0DAEE0531512620AC1A1
146,F39E93C29E9D2923E0531512620AECF8
147,DCAA739CC12A206FE0531512620AD3C7
148,F03FE16036FB0DAEE0531512620AC1A1
149,F03FE16036E70DAEE0531512620AC1A1
150,F03FE16036EF0DAEE0531512620AC1A1
151,F03FE16036EB0DAEE0531512620AC1A1
152,DCAA739CBFF2206FE0531512620AD3C7
153,DFD15B1EA91E5FECE0531512620AD3A1
154,F39E93C29EC92923E0531512620AECF8
155,F03FE16035130DAEE0531512620AC1A1
156,F03FE160350F0DAEE0531512620AC1A1
157,DCAA739CC24A206FE0531512620AD3C7
158,DCAA739CC0A2206FE0531512620AD3C7
159,DFD15B1EA8725FECE0531512620AD3A1
160,DCAA739CC322206FE0531512620AD3C7
161,F39E93C29C0D2923E0531512620AECF8
162,DCAA739CBFFA206FE0531512620AD3C7
163,F03FE16035E70DAEE0531512620AC1A1
164,F03FE16035EF0DAEE0531512620AC1A1
165,F03FE16038F70DAEE0531512620AC1A1
166,F03FE16038F30DAEE0531512620AC1A1
167,F03FE160335B0DAEE0531512620AC1A1
168,F03FE16035CF0DAEE0531512620AC1A1
169,F03FE16037030DAEE0531512620AC1A1
170,F03FE160392B0DAEE0531512620AC1A1
171,DCAA739CC3DD206FE0531512620AD3C7
172,DCAA739CC3E5206FE0531512620AD3C7
173,DCAA739CBDE6206FE0531512620AD3C7
174,DCAA739CC02E206FE0531512620AD3C7
175,DCAA739CBF1A206FE0531512620AD3C7
176,DCAA739CC3A1206FE0531512620AD3C7
177,DCAA739CC096206FE0531512620AD3C7
178,F03FE16036D30DAEE0531512620AC1A1
179,DFD15B1EA8465FECE0531512620AD3A1
180,F03FE160355F0DAEE0531512620AC1A1
181,DCAA739CC0D6206FE0531512620AD3C7
182,F39E93C29E752923E0531512620AECF8
183,F03FE16034030DAEE0531512620AC1A1
184,F03FE160349B0DAEE0531512620AC1A1
185,F03FE16035FF0DAEE0531512620AC1A1
186,F03FE16036070DAEE0531512620AC1A1
187,F03FE16035FB0DAEE0531512620AC1A1
188,DCAA739CC0C2206FE0531512620AD3C7
189,F03FE16039230DAEE0531512620AC1A1
190,DCAA739CC136206FE0531512620AD3C7
191,DCAA739CC3C5206FE0531512620AD3C7
192,DCAA739CC3C8206FE0531512620AD3C7
193,DCAA739CC01A206FE0531512620AD3C7
194,DFD15B1EA82A5FECE0531512620AD3A1
195,DFD15B1EA8265FECE0531512620AD3A1
196,DCAA739CBE66206FE0531512620AD3C7
197,F03FE16037130DAEE0531512620AC1A1
198,F39E93C29C952923E0531512620AECF8
199,F03FE16035A70DAEE0531512620AC1A1
200,F03FE160355B0DAEE0531512620AC1A1
201,F03FE16038370DAEE0531512620AC1A1
202,F03FE160383F0DAEE0531512620AC1A1
203,F03FE16038330DAEE0531512620AC1A1
204,DCAA739CC2D7206FE0531512620AD3C7
205,F03FE16038970DAEE0531512620AC1A1
206,F03FE16036430DAEE0531512620AC1A1
207,F03FE16035AB0DAEE0531512620AC1A1
208,DCAA739CBDDE206FE0531512620AD3C7
209,F03FE16036DB0DAEE0531512620AC1A1
210,F03FE16038530DAEE0531512620AC1A1
211,F03FE16038730DAEE0531512620AC1A1
212,F03FE16038A30DAEE0531512620AC1A1
213,DCAA739CBDEA206FE0531512620AD3C7
214,F03FE16032DB0DAEE0531512620AC1A1
215,F03FE160392F0DAEE0531512620AC1A1
216,DCAA739CBF8E206FE0531512620AD3C7
217,DFD15B1EA9065FECE0531512620AD3A1
218,DFD15B1EA86E5FECE0531512620AD3A1
219,DCAA739CBFCA206FE0531512620AD3C7
220,F03FE16032DF0DAEE0531512620AC1A1
221,F03FE16033330DAEE0531512620AC1A1
222,F03FE16035230DAEE0531512620AC1A1
223,DCAA739CC0CA206FE0531512620AD3C7
224,F39E93C29ED52923E0531512620AECF8
225,DCAA739CC226206FE0531512620AD3C7
226,DFD15B1EA8C65FECE0531512620AD3A1
227,DCAA739CC415206FE0531512620AD3C7
228,F03FE160340F0DAEE0531512620AC1A1
229,DCAA739CBF8A206FE0531512620AD3C7
230,DCAA739CC395206FE0531512620AD3C7
231,DFD15B1EA8865FECE0531512620AD3A1
232,DCAA739CBE02206FE0531512620AD3C7
233,F03FE16032A70DAEE0531512620AC1A1
234,F39E93C29E552923E0531512620AECF8
235,F39E93C29E512923E0531512620AECF8
236,F39E93C29E4D2923E0531512620AECF8
237,F03FE16036DF0DAEE0531512620AC1A1
238,DCAA739CC326206FE0531512620AD3C7
239,DE447D74B98A76E1E0531512620AB980
240,F03FE16037930DAEE0531512620AC1A1
241,F39E93C29D312923E0531512620AECF8
242,DCAA739CC37E206FE0531512620AD3C7
243,DCAA739CC235206FE0531512620AD3C7
244,DCAA739CBFE6206FE0531512620AD3C7
245,F03FE16035170DAEE0531512620AC1A1
246,F03FE16036C30DAEE0531512620AC1A1
247,F39E93C29C9D2923E0531512620AECF8
248,DFD15B1EA81A5FECE0531512620AD3A1
249,E28057C5A56668AFE0531512620A591B
250,DCAA739CBE96206FE0531512620AD3C7
251,C91CCCC71E4D2111E0531512620A3891
252,DFD15B1EA8825FECE0531512620AD3A1
253,F03FE16039AF0DAEE0531512620AC1A1
254,DCAA739CC2CB206FE0531512620AD3C7
255,DFD15B1EA8EE5FECE0531512620AD3A1
256,DFD15B1EA8F25FECE0531512620AD3A1
257,F03FE160341B0DAEE0531512620AC1A1
258,F39E93C29DB92923E0531512620AECF8
259,DCAA739CBEFE206FE0531512620AD3C7
260,F03FE16033370DAEE0531512620AC1A1
261,F03FE160397B0DAEE0531512620AC1A1
262,F03FE16035430DAEE0531512620AC1A1
263,F03FE160357B0DAEE0531512620AC1A1
264,DCAA739CBDF6206FE0531512620AD3C7
265,F03FE160384F0DAEE0531512620AC1A1
266,F03FE16038630DAEE0531512620AC1A1
267,DCAA739CBF56206FE0531512620AD3C7
268,F03FE16032E70DAEE0531512620AC1A1
269,F03FE16039430DAEE0531512620AC1A1
270,DFD15B1EA9325FECE0531512620AD3A1
271,DCAA739CBDE2206FE0531512620AD3C7
272,DCAA739CC0EE206FE0531512620AD3C7
273,F39E93C29D412923E0531512620AECF8
274,DCAA739CBFAA206FE0531512620AD3C7
275,F03FE160393F0DAEE0531512620AC1A1
276,F03FE16034070DAEE0531512620AC1A1
277,F03FE16036730DAEE0531512620AC1A1
278,F03FE16036770DAEE0531512620AC1A1
279,DCAA739CC0E2206FE0531512620AD3C7
280,DCAA739CC0DE206FE0531512620AD3C7
281,F03FE160385F0DAEE0531512620AC1A1
282,F03FE160369F0DAEE0531512620AC1A1
283,DCAA739CC122206FE0531512620AD3C7
284,DCAA739CC42C206FE0531512620AD3C7
285,DCAA739CC0C6206FE0531512620AD3C7
286,DCAA739CBF4E206FE0531512620AD3C7
287,F03FE16033FF0DAEE0531512620AC1A1
288,F03FE16033130DAEE0531512620AC1A1
289,F03FE16038AB0DAEE0531512620AC1A1
290,F03FE16033E70DAEE0531512620AC1A1
291,DFD15B1EA92E5FECE0531512620AD3A1
292,F39E93C29B712923E0531512620AECF8
293,F39E93C29B012923E0531512620AECF8
294,F03FE16037170DAEE0531512620AC1A1
295,DCAA739CBE76206FE0531512620AD3C7
296,DCAA739CC04E206FE0531512620AD3C7
297,F03FE16032FF0DAEE0531512620AC1A1
298,DFD15B1EA9225FECE0531512620AD3A1
299,DFD15B1EA8365FECE0531512620AD3A1
300,F39E93C29C012923E0531512620AECF8
301,DFD15B1EA88E5FECE0531512620AD3A1
302,D2C61471DF8F197DE0531512620A8118
303,C158FD5742016B7BE0531512620A85F0
304,F03FE16036230DAEE0531512620AC1A1
305,F03FE16036FF0DAEE0531512620AC1A1
306,F39E93C29BA52923E0531512620AECF8
307,F03FE160363F0DAEE0531512620AC1A1
308,F03FE16033EF0DAEE0531512620AC1A1
309,F39E93C29EC12923E0531512620AECF8
310,F03FE16035F70DAEE0531512620AC1A1
311,DCAA739CBE1E206FE0531512620AD3C7
312,F03FE160381F0DAEE0531512620AC1A1
313,DCAA739CC3A5206FE0531512620AD3C7
314,DCAA739CC31F206FE0531512620AD3C7
315,DCAA739CC052206FE0531512620AD3C7
316,DCAA739CC11E206FE0531512620AD3C7
317,F03FE160379F0DAEE0531512620AC1A1
318,F03FE16037AF0DAEE0531512620AC1A1
319,DCAA739CBEA6206FE0531512620AD3C7
320,DFD15B1EA8225FECE0531512620AD3A1
321,F39E93C29E792923E0531512620AECF8
322,F03FE16038E70DAEE0531512620AC1A1
323,F03FE160351F0DAEE0531512620AC1A1
324,F03FE16036D70DAEE0531512620AC1A1
325,DCAA739CBF9A206FE0531512620AD3C7
326,CDCFD720FEC62F8EE0531512620A42FD
327,F03FE16032A30DAEE0531512620AC1A1
328,DCAA739CBEEA206FE0531512620AD3C7
329,DCAA739CBF92206FE0531512620AD3C7
330,F03FE16036830DAEE0531512620AC1A1
331,F03FE16032EB0DAEE0531512620AC1A1
332,F03FE160347B0DAEE0531512620AC1A1
333,DCAA739CC146206FE0531512620AD3C7
334,F03FE160375F0DAEE0531512620AC1A1
335,F03FE160375B0DAEE0531512620AC1A1
336,F03FE16034830DAEE0531512620AC1A1
337,DCAA739CC042206FE0531512620AD3C7
338,F03FE160366B0DAEE0531512620AC1A1
339,DCAA739CC39E206FE0531512620AD3C7
340,F03FE160365B0DAEE0531512620AC1A1
341,DCAA739CC0D2206FE0531512620AD3C7
342,DFD15B1EA8565FECE0531512620AD3A1
343,F39E93C29C6D2923E0531512620AECF8
344,DFD15B1EA9025FECE0531512620AD3A1
345,F03FE160351B0DAEE0531512620AC1A1
346,DCAA739CC43C206FE0531512620AD3C7
347,F03FE16032BF0DAEE0531512620AC1A1
348,CDCFD720FDE82F8EE0531512620A42FD
349,D2C61471D739197DE0531512620A8118
350,CA4618F7F03506A6E0531512620A6C3C
351,D2C61471DA6E197DE0531512620A8118
352,CDCFD72105142F8EE0531512620A42FD
353,C158FD5740136B7BE0531512620A85F0
354,CDCFD721011C2F8EE0531512620A42FD
355,D2C61471DFB2197DE0531512620A8118
356,D2C61471E046197DE0531512620A8118
357,CDCFD720FD232F8EE0531512620A42FD
358,CA4618F7EE5406A6E0531512620A6C3C
359,CA4618F7F06006A6E0531512620A6C3C
360,C91CCCC71DD52111E0531512620A3891
361,D2C61471DE5A197DE0531512620A8118
362,C158FD5741656B7BE0531512620A85F0
363,C158FD5743AA6B7BE0531512620A85F0
364,C158FD573E696B7BE0531512620A85F0
365,C158FD573DBF6B7BE0531512620A85F0
366,CDCFD72104452F8EE0531512620A42FD
367,CA4618F7EB4206A6E0531512620A6C3C
368,CDCFD72105492F8EE0531512620A42FD
369,CDCFD720FFB72F8EE0531512620A42FD
370,C1E244BAE1A558C8E0531512620A392C
371,C158FD5743CE6B7BE0531512620A85F0
372,CA4618F7ED8C06A6E0531512620A6C3C
373,C158FD5743336B7BE0531512620A85F0
374,C91CCCC722812111E0531512620A3891
375,C1E244BAE14E58C8E0531512620A392C
376,CA4618F7EE4706A6E0531512620A6C3C
377,C91CCCC71D212111E0531512620A3891
378,C158FD5743D56B7BE0531512620A85F0
379,D2C61471DD18197DE0531512620A8118
380,D2C61471DE3E197DE0531512620A8118
381,C1E244BAE1DE58C8E0531512620A392C
382,CA4618F7EF2706A6E0531512620A6C3C
383,C158FD573F006B7BE0531512620A85F0
384,C91CCCC71F5D2111E0531512620A3891
385,D2C61471E19E197DE0531512620A8118
386,C158FD573E0D6B7BE0531512620A85F0
387,CDCFD720FEF82F8EE0531512620A42FD
388,D2C61471DF45197DE0531512620A8118
389,C158FD5741466B7BE0531512620A85F0
390,C158FD573FCB6B7BE0531512620A85F0
391,C158FD573E1B6B7BE0531512620A85F0
392,C158FD573DE86B7BE0531512620A85F0
393,C91CCCC71D272111E0531512620A3891
394,CA4618F7EEE306A6E0531512620A6C3C
395,C91CCCC71E892111E0531512620A3891
396,CDCFD720FD312F8EE0531512620A42FD
397,CDCFD720FFEF2F8EE0531512620A42FD
398,D2C61471D851197DE0531512620A8118
399,CA4618F7ECE306A6E0531512620A6C3C
400,CDCFD720FCEF2F8EE0531512620A42FD
401,CDCFD720FD162F8EE0531512620A42FD
402,C158FD57416B6B7BE0531512620A85F0
403,DCAA739CBEAA206FE0531512620AD3C7
404,CDCFD72101FA2F8EE0531512620A42FD
405,C91CCCC71E8F2111E0531512620A3891
406,D2C61471DFC2197DE0531512620A8118
407,D2C61471E0CB197DE0531512620A8118
408,C2AAED66236D14CCE0531512620A1280
409,C158FD5740E66B7BE0531512620A85F0
410,C158FD573EC26B7BE0531512620A85F0
411,F03FE16037D70DAEE0531512620AC1A1
412,C158FD5742FB6B7BE0531512620A85F0
413,D2C61471DDEC197DE0531512620A8118
414,CA4618F7EFE606A6E0531512620A6C3C
415,CDCFD720FFFA2F8EE0531512620A42FD
416,C91CCCC722752111E0531512620A3891
417,CA4618F7F06F06A6E0531512620A6C3C
418,D2C61471E1BE197DE0531512620A8118
419,C158FD5743126B7BE0531512620A85F0
420,C158FD573DF86B7BE0531512620A85F0
421,CA4618F7F06A06A6E0531512620A6C3C
422,C91CCCC720D72111E0531512620A3891
423,C158FD57412E6B7BE0531512620A85F0
424,C158FD57431A6B7BE0531512620A85F0
425,DCAA739CBDFA206FE0531512620AD3C7
426,C158FD573E066B7BE0531512620A85F0
427,D2C61471DB71197DE0531512620A8118
428,CDCFD72104102F8EE0531512620A42FD
429,DE447D74B99276E1E0531512620AB980
430,CA4618F7EB8B06A6E0531512620A6C3C
431,CDCFD720FD4E2F8EE0531512620A42FD
432,CA4618F7EB4906A6E0531512620A6C3C
433,D2C61471DBF6197DE0531512620A8118
434,C158FD573F686B7BE0531512620A85F0
435,CA4618F7F07906A6E0531512620A6C3C
436,C91CCCC721E92111E0531512620A3891
437,C158FD5740056B7BE0531512620A85F0
438,C91CCCC71D592111E0531512620A3891
439,C158FD573DFF6B7BE0531512620A85F0
440,C91CCCC71D3F2111E0531512620A3891
441,C1E244BAE1B958C8E0531512620A392C
442,F03FE160348B0DAEE0531512620AC1A1
443,CDCFD72105792F8EE0531512620A42FD
444,D2C61471D6CB197DE0531512620A8118
445,CA4618F7F08306A6E0531512620A6C3C
446,C158FD5742A56B7BE0531512620A85F0
447,CDCFD720FEB92F8EE0531512620A42FD
448,C158FD573F5B6B7BE0531512620A85F0
449,CDCFD72104152F8EE0531512620A42FD
450,CA4618F7ED9D06A6E0531512620A6C3C
451,C91CCCC71E7B2111E0531512620A3891
452,C158FD57414C6B7BE0531512620A85F0
453,C158FD5743976B7BE0531512620A85F0
454,CA4618F7EE6106A6E0531512620A6C3C
455,C1E244BAE0EE58C8E0531512620A392C
456,CDCFD72101EC2F8EE0531512620A42FD
457,F03FE160332B0DAEE0531512620AC1A1
458,CDCFD720FCFC2F8EE0531512620A42FD
459,C1E244BAE1CF58C8E0531512620A392C
460,CDCFD72100312F8EE0531512620A42FD
461,DCAA739CC253206FE0531512620AD3C7
462,C91CCCC71D692111E0531512620A3891
463,DCAA739CC15A206FE0531512620AD3C7
464,C91CCCC71E072111E0531512620A3891
465,C158FD5740816B7BE0531512620A85F0
466,DCAA739CC347206FE0531512620AD3C7
467,D2C61471E054197DE0531512620A8118
468,CDCFD72101942F8EE0531512620A42FD
469,D2C61471DAC6197DE0531512620A8118
470,C91CCCC7228F2111E0531512620A3891
471,CDCFD72103F02F8EE0531512620A42FD
472,DE447D74B98676E1E0531512620AB980
473,C1E244BAE15858C8E0531512620A392C
474,C158FD573F3F6B7BE0531512620A85F0
475,C158FD573E9B6B7BE0531512620A85F0
476,CDCFD72105A62F8EE0531512620A42FD
477,CA4618F7F07E06A6E0531512620A6C3C
478,CDCFD721041A2F8EE0531512620A42FD
479,CA4618F7EF3206A6E0531512620A6C3C
480,D2C61471E032197DE0531512620A8118
481,C158FD57424C6B7BE0531512620A85F0
482,C158FD5742526B7BE0531512620A85F0
483,C158FD5742586B7BE0531512620A85F0
484,CDCFD72103842F8EE0531512620A42FD
485,C1E244BAE0F458C8E0531512620A392C
486,C1E244BAE0F858C8E0531512620A392C
487,C158FD5740686B7BE0531512620A85F0
488,CA4618F7EF1506A6E0531512620A6C3C
489,F39E93C29B692923E0531512620AECF8
490,D2C61471DFD4197DE0531512620A8118
491,C158FD5742F16B7BE0531512620A85F0
492,C158FD5743BD6B7BE0531512620A85F0
493,C158FD5743C66B7BE0531512620A85F0
494,C91CCCC71D172111E0531512620A3891
495,C158FD5742176B7BE0531512620A85F0
496,C158FD5742066B7BE0531512620A85F0
497,C158FD573E2D6B7BE0531512620A85F0
498,F03FE16033530DAEE0531512620AC1A1
499,D2C61471DEF6197DE0531512620A8118
500,D2C61471D956197DE0531512620A8118
501,F03FE16036330DAEE0531512620AC1A1
502,D2C61471DDFA197DE0531512620A8118
503,D2C61471DF1E197DE0531512620A8118
504,D2C61471DF52197DE0531512620A8118
505,C158FD573EB76B7BE0531512620A85F0
506,DCAA739CC106206FE0531512620AD3C7
507,C158FD5740216B7BE0531512620A85F0
508,D2C61471DA9B197DE0531512620A8118
509,C1E244BAE15358C8E0531512620A392C
510,C158FD573FC56B7BE0531512620A85F0
511,F03FE160331B0DAEE0531512620AC1A1
512,C158FD573E146B7BE0531512620A85F0
513,DFD15B1EA8CA5FECE0531512620AD3A1
514,CDCFD720FD092F8EE0531512620A42FD
515,C158FD5740D66B7BE0531512620A85F0
516,CDCFD720FD3F2F8EE0531512620A42FD
517,D2C61471D871197DE0531512620A8118
518,DCAA739CC0F6206FE0531512620AD3C7
519,CA4618F7EB5006A6E0531512620A6C3C
520,C158FD5741976B7BE0531512620A85F0
521,C158FD5741846B7BE0531512620A85F0
522,C158FD5741776B7BE0531512620A85F0
523,C91CCCC720932111E0531512620A3891
524,C158FD573E336B7BE0531512620A85F0
525,C158FD57435F6B7BE0531512620A85F0
526,D2C61471E0E6197DE0531512620A8118
527,F03FE16036A30DAEE0531512620AC1A1
528,CA4618F7ECF906A6E0531512620A6C3C
529,D2C61471DFF8197DE0531512620A8118
530,CA4618F7F11006A6E0531512620A6C3C
531,DCAA739CC032206FE0531512620AD3C7
532,C158FD5741E66B7BE0531512620A85F0
533,C91CCCC71E952111E0531512620A3891
534,C91CCCC71D512111E0531512620A3891
535,C158FD573DCF6B7BE0531512620A85F0
536,C1E244BAE1C758C8E0531512620A392C
537,F03FE16033F70DAEE0531512620AC1A1
538,C158FD5741F56B7BE0531512620A85F0
539,DCAA739CC0AA206FE0531512620AD3C7
540,F03FE16035D30DAEE0531512620AC1A1
541,CDCFD72103902F8EE0531512620A42FD
542,CDCFD721001B2F8EE0531512620A42FD
543,D2C61471DB33197DE0531512620A8118
544,F03FE16036CB0DAEE0531512620AC1A1
545,F03FE16036CF0DAEE0531512620AC1A1
546,F39E93C29DD52923E0531512620AECF8
547,DCAA739CC09E206FE0531512620AD3C7
548,DFD15B1EA89A5FECE0531512620AD3A1
549,DFD15B1EA8FA5FECE0531512620AD3A1
550,F39E93C29C752923E0531512620AECF8
551,C1E244BAE14958C8E0531512620A392C
552,CDCFD720FFC22F8EE0531512620A42FD
553,CA4618F7F02106A6E0531512620A6C3C
554,D2C61471DBC3197DE0531512620A8118
555,C91CCCC7227B2111E0531512620A3891
556,C158FD5740F66B7BE0531512620A85F0
557,CA4618F7EB9906A6E0531512620A6C3C
558,C91CCCC7226F2111E0531512620A3891
559,CA4618F7F07406A6E0531512620A6C3C
560,F03FE160371B0DAEE0531512620AC1A1
561,F03FE160357F0DAEE0531512620AC1A1
562,D2C61471DB66197DE0531512620A8118
563,D2C61471DE2C197DE0531512620A8118
564,C158FD573ED26B7BE0531512620A85F0
565,F03FE16039370DAEE0531512620AC1A1
566,F03FE160378B0DAEE0531512620AC1A1
567,DCAA739CC0DA206FE0531512620AD3C7
568,F39E93C29EAD2923E0531512620AECF8
569,C91CCCC71E132111E0531512620A3891
570,D2C61471DBEB197DE0531512620A8118
571,C158FD5743B16B7BE0531512620A85F0
572,CDCFD721043F2F8EE0531512620A42FD
573,CDCFD720FBBD2F8EE0531512620A42FD
574,F39E93C29B452923E0531512620AECF8
575,F39E93C29EB12923E0531512620AECF8
576,F03FE16037AB0DAEE0531512620AC1A1
577,F03FE16037B30DAEE0531512620AC1A1
578,CDCFD72103892F8EE0531512620A42FD
579,CDCFD72103972F8EE0531512620A42FD
580,F03FE160370B0DAEE0531512620AC1A1
581,C158FD5741AB6B7BE0531512620A85F0
582,C158FD573EFC6B7BE0531512620A85F0
583,CDCFD720FF922F8EE0531512620A42FD
584,F39E93C29B6D2923E0531512620AECF8
585,C158FD573F266B7BE0531512620A85F0
586,DCAA739CC072206FE0531512620AD3C7
587,CA4618F7EDD006A6E0531512620A6C3C
588,F03FE16033F30DAEE0531512620AC1A1
589,DCAA739CC086206FE0531512620AD3C7
590,DCAA739CC30E206FE0531512620AD3C7
591,D2C61471DCDC197DE0531512620A8118
592,DCAA739CC28F206FE0531512620AD3C7
593,D2C61471DB1B197DE0531512620A8118
594,CDCFD72101492F8EE0531512620A42FD
595,C158FD5742B96B7BE0531512620A85F0
596,C158FD573FAC6B7BE0531512620A85F0
597,C91CCCC7202F2111E0531512620A3891
598,C91CCCC71D972111E0531512620A3891
599,D2C61471D772197DE0531512620A8118
600,D2C61471DD43197DE0531512620A8118
601,F39E93C29E992923E0531512620AECF8
602,CDCFD721017C2F8EE0531512620A42FD
603,C158FD5743226B7BE0531512620A85F0
604,F39E93C29AF12923E0531512620AECF8
605,CDCFD720FC592F8EE0531512620A42FD
606,D2C61471E07D197DE0531512620A8118
607,CA4618F7F01806A6E0531512620A6C3C
608,CDCFD72100102F8EE0531512620A42FD
609,C158FD57413A6B7BE0531512620A85F0
610,DCAA739CBF62206FE0531512620AD3C7
611,DCAA739CBF66206FE0531512620AD3C7
612,DCAA739CBF5E206FE0531512620AD3C7
613,DCAA739CC2D1206FE0531512620AD3C7
614,DCAA739CC2D4206FE0531512620AD3C7
615,F03FE16038CF0DAEE0531512620AC1A1
616,F03FE16037C30DAEE0531512620AC1A1
617,D2C61471DCFE197DE0531512620A8118
618,D2C61471DFE6197DE0531512620A8118
619,C158FD57438F6B7BE0531512620A85F0
620,CA4618F7EEAA06A6E0531512620A6C3C
621,C158FD57418B6B7BE0531512620A85F0
622,C158FD5740416B7BE0531512620A85F0
623,D2C61471DEAE197DE0531512620A8118
624,C158FD573F186B7BE0531512620A85F0
625,C91CCCC71F152111E0531512620A3891
626,C158FD573F7E6B7BE0531512620A85F0
627,F03FE160358F0DAEE0531512620AC1A1
628,DCAA739CBEF6206FE0531512620AD3C7
629,C91CCCC71D6F2111E0531512620A3891
630,C158FD573E396B7BE0531512620A85F0
631,C158FD5742636B7BE0531512620A85F0
632,F03FE160361F0DAEE0531512620AC1A1
633,C91CCCC722852111E0531512620A3891
634,F03FE16035930DAEE0531512620AC1A1
635,D2C61471DD10197DE0531512620A8118
636,F03FE16033230DAEE0531512620AC1A1
637,C158FD573FD16B7BE0531512620A85F0
638,F39E93C29D492923E0531512620AECF8
639,F03FE16035CB0DAEE0531512620AC1A1
640,C158FD5741C36B7BE0531512620A85F0
641,F39E93C29E292923E0531512620AECF8
642,C158FD57403C6B7BE0531512620A85F0
643,CDCFD720FD5D2F8EE0531512620A42FD
644,CDCFD720FBB02F8EE0531512620A42FD
645,CDCFD720FCB82F8EE0531512620A42FD
646,DCAA739CBE1A206FE0531512620AD3C7
647,DFD15B1EA85A5FECE0531512620AD3A1
648,D2C61471DF14197DE0531512620A8118
649,CDCFD72104EF2F8EE0531512620A42FD
650,CDCFD72102242F8EE0531512620A42FD
651,CDCFD720FDCD2F8EE0531512620A42FD
652,CA4618F7EBA406A6E0531512620A6C3C
653,D2C61471DBAE197DE0531512620A8118
654,CDCFD72100052F8EE0531512620A42FD
655,CDCFD721026F2F8EE0531512620A42FD
656,C158FD573FA66B7BE0531512620A85F0
657,F03FE16036A70DAEE0531512620AC1A1
658,CA4618F7F06506A6E0531512620A6C3C
659,CDCFD72103D82F8EE0531512620A42FD
660,CA4618F7F04D06A6E0531512620A6C3C
661,C91CCCC721792111E0531512620A3891
662,CA4618F7EF6D06A6E0531512620A6C3C
663,D2C61471DF24197DE0531512620A8118
664,CDCFD720FFAC2F8EE0531512620A42FD
665,D2C61471DBB7197DE0531512620A8118
666,C158FD573ED96B7BE0531512620A85F0
667,C158FD57425E6B7BE0531512620A85F0
668,C91CCCC721732111E0531512620A3891
669,CDCFD721036D2F8EE0531512620A42FD
670,F03FE16033FB0DAEE0531512620AC1A1
671,C91CCCC71F552111E0531512620A3891
672,D2C61471D798197DE0531512620A8118
673,CA4618F7EF7D06A6E0531512620A6C3C
674,D2C61471DB8C197DE0531512620A8118
675,CA4618F7F0BA06A6E0531512620A6C3C
676,C91CCCC71DA72111E0531512620A3891
677,F39E93C29EA12923E0531512620AECF8
678,C158FD573E5E6B7BE0531512620A85F0
679,D2C61471E0D9197DE0531512620A8118
680,F03FE160337B0DAEE0531512620AC1A1
681,CDCFD72104FE2F8EE0531512620A42FD
682,DCAA739CC13A206FE0531512620AD3C7
683,DCAA739CC13E206FE0531512620AD3C7
684,CA4618F7EDEA06A6E0531512620A6C3C
685,C158FD573F916B7BE0531512620A85F0
686,CDCFD721052C2F8EE0531512620A42FD
687,DCAA739CC02A206FE0531512620AD3C7
688,F03FE160390B0DAEE0531512620AC1A1
689,DCAA739CC38F206FE0531512620AD3C7
690,F39E93C29B352923E0531512620AECF8
691,CDCFD72103342F8EE0531512620A42FD
692,C91CCCC71F032111E0531512620A3891
693,CDCFD72100262F8EE0531512620A42FD
694,D2C61471E187197DE0531512620A8118
695,CDCFD721039E2F8EE0531512620A42FD
696,DCAA739CC425206FE0531512620AD3C7
697,CDCFD720FEFE2F8EE0531512620A42FD
698,C158FD573FB96B7BE0531512620A85F0
699,D2C61471DC33197DE0531512620A8118
700,C1E244BAE21458C8E0531512620A392C
701,F03FE16039870DAEE0531512620AC1A1
702,F03FE160395F0DAEE0531512620AC1A1
703,DCAA739CBEFA206FE0531512620AD3C7
704,F03FE160329F0DAEE0531512620AC1A1
705,F39E93C29C152923E0531512620AECF8
706,C91CCCC721292111E0531512620A3891
707,F03FE16035330DAEE0531512620AC1A1
708,C158FD5742C36B7BE0531512620A85F0
709,DCAA739CC0B2206FE0531512620AD3C7
710,DCAA739CC238206FE0531512620AD3C7
711,D2C61471E160197DE0531512620A8118
712,C91CCCC721452111E0531512620A3891
713,F03FE160339B0DAEE0531512620AC1A1
714,D2C61471DA78197DE0531512620A8118
715,F03FE16033970DAEE0531512620AC1A1
716,D2C61471D6EE197DE0531512620A8118
717,CA4618F7F02B06A6E0531512620A6C3C
718,C158FD5741066B7BE0531512620A85F0
719,C158FD5741916B7BE0531512620A85F0
720,C91CCCC7209F2111E0531512620A3891
721,DCAA739CC0FE206FE0531512620AD3C7
722,F39E93C29E912923E0531512620AECF8
723,D2C61471DC81197DE0531512620A8118
724,CA4618F7EE2706A6E0531512620A6C3C
725,C91CCCC7214D2111E0531512620A3891
726,C158FD573EBC6B7BE0531512620A85F0
727,F03FE160396F0DAEE0531512620AC1A1
728,CA4618F7F08A06A6E0531512620A6C3C
729,D2C61471DE6C197DE0531512620A8118
730,CA4618F7F09606A6E0531512620A6C3C
731,C91CCCC720272111E0531512620A3891
732,DCAA739CC10A206FE0531512620AD3C7
733,DCAA739CC10E206FE0531512620AD3C7
734,DFD15B1EA8F65FECE0531512620AD3A1
735,C158FD573EE06B7BE0531512620A85F0
736,CA4618F7EB5E06A6E0531512620A6C3C
737,D2C61471D942197DE0531512620A8118
738,CDCFD72101432F8EE0531512620A42FD
739,D2C61471DA19197DE0531512620A8118
740,CA4618F7EEF406A6E0531512620A6C3C
741,CDCFD72101032F8EE0531512620A42FD
742,F03FE160388B0DAEE0531512620AC1A1
743,F03FE16038870DAEE0531512620AC1A1
744,D2C61471DBD7197DE0531512620A8118
745,DFD15B1EA8D65FECE0531512620AD3A1
746,F03FE16038570DAEE0531512620AC1A1
747,C158FD5741EE6B7BE0531512620A85F0
748,DCAA739CC156206FE0531512620AD3C7
749,C158FD5743756B7BE0531512620A85F0
750,F39E93C29D092923E0531512620AECF8
751,C1E244BAE13A58C8E0531512620A392C
752,C158FD5742466B7BE0531512620A85F0
753,C158FD5742406B7BE0531512620A85F0
754,C158FD573EAD6B7BE0531512620A85F0
755,C158FD573EB26B7BE0531512620A85F0
756,D2C61471DB9B197DE0531512620A8118
757,D2C61471E1AE197DE0531512620A8118
758,CDCFD720FCD82F8EE0531512620A42FD
759,F39E93C29B2D2923E0531512620AECF8
760,D2C61471E15B197DE0531512620A8118
761,FC09D48D891F2CC0E0531512620A57A1
762,CA4618F7EF9F06A6E0531512620A6C3C
763,D2C61471DF80197DE0531512620A8118
764,C91CCCC720ED2111E0531512620A3891
765,C1E244BAE1ED58C8E0531512620A392C
766,DCAA739CBE36206FE0531512620AD3C7
767,DCAA739CBE32206FE0531512620AD3C7
768,DCAA739CC062206FE0531512620AD3C7
769,DCAA739CC3B6206FE0531512620AD3C7
770,DCAA739CBE86206FE0531512620AD3C7
771,DCAA739CC3B3206FE0531512620AD3C7
772,C158FD573F0D6B7BE0531512620A85F0
773,F39E93C29DC92923E0531512620AECF8
774,CDCFD720FED12F8EE0531512620A42FD
775,F03FE16038770DAEE0531512620AC1A1
776,F03FE16033EB0DAEE0531512620AC1A1
777,C91CCCC71DFB2111E0531512620A3891
778,DCAA739CC006206FE0531512620AD3C7
779,D2C61471D8EA197DE0531512620A8118
780,D2C61471D8E5197DE0531512620A8118
781,D2C61471D8F5197DE0531512620A8118
782,C158FD57434B6B7BE0531512620A85F0
783,C158FD5743456B7BE0531512620A85F0
784,F03FE16033670DAEE0531512620AC1A1
785,DCAA739CBDF2206FE0531512620AD3C7
786,F03FE16038130DAEE0531512620AC1A1
787,C158FD573F1E6B7BE0531512620A85F0
788,D2C61471DDD4197DE0531512620A8118
789,F39E93C29CC52923E0531512620AECF8
790,F03FE160372F0DAEE0531512620AC1A1
791,CDCFD720FE682F8EE0531512620A42FD
792,DCAA739CBEDA206FE0531512620AD3C7
793,C158FD5743666B7BE0531512620A85F0
794,C1E244BAE17758C8E0531512620A392C
795,C158FD57421E6B7BE0531512620A85F0
796,C158FD57429B6B7BE0531512620A85F0
797,DFD15B1EA83E5FECE0531512620AD3A1
798,CDCFD720FBCA2F8EE0531512620A42FD
799,C91CCCC71F392111E0531512620A3891
800,CDCFD72103BB2F8EE0531512620A42FD
801,C158FD57405E6B7BE0531512620A85F0
802,DFD15B1EA8D25FECE0531512620AD3A1
803,D2C61471D8BB197DE0531512620A8118
804,DCAA739CC0AE206FE0531512620AD3C7
805,C158FD5740986B7BE0531512620A85F0
806,C91CCCC720BD2111E0531512620A3891
807,C91CCCC7207B2111E0531512620A3891
808,C91CCCC71D452111E0531512620A3891
809,CDCFD720FEE72F8EE0531512620A42FD
810,C158FD57420E6B7BE0531512620A85F0
811,F03FE16035770DAEE0531512620AC1A1
812,CA4618F7F00506A6E0531512620A6C3C
813,C158FD573F066B7BE0531512620A85F0
814,CDCFD721043A2F8EE0531512620A42FD
815,D2C61471DD4D197DE0531512620A8118
816,CDCFD720FCCB2F8EE0531512620A42FD
817,C1E244BAE22758C8E0531512620A392C
818,DFD15B1EA87A5FECE0531512620AD3A1
819,C91CCCC721A32111E0531512620A3891
820,C158FD5741B06B7BE0531512620A85F0
821,CA4618F7F05306A6E0531512620A6C3C
822,C158FD573E8F6B7BE0531512620A85F0
823,C91CCCC720A92111E0531512620A3891
824,C91CCCC71D332111E0531512620A3891
825,C91CCCC721CD2111E0531512620A3891
826,DCAA739CC24D206FE0531512620AD3C7
827,CA4618F7EE9106A6E0531512620A6C3C
828,C158FD573ECA6B7BE0531512620A85F0
829,C91CCCC722592111E0531512620A3891
830,DCAA739CC23E206FE0531512620AD3C7
831,D2C61471E0F1197DE0531512620A8118
832,CA4618F7ECAC06A6E0531512620A6C3C
833,C91CCCC71EBB2111E0531512620A3891
834,CDCFD72101642F8EE0531512620A42FD
835,C158FD57417E6B7BE0531512620A85F0
836,C158FD5741A36B7BE0531512620A85F0
837,DFD15B1EA87E5FECE0531512620AD3A1
838,DCAA739CBEE6206FE0531512620AD3C7
839,CA4618F7EDB606A6E0531512620A6C3C
840,F03FE160373B0DAEE0531512620AC1A1
841,C91CCCC71D792111E0531512620A3891
842,C158FD573E586B7BE0531512620A85F0
843,C158FD5742AF6B7BE0531512620A85F0
844,F03FE16039070DAEE0531512620AC1A1
845,CDCFD72105222F8EE0531512620A42FD
846,CDCFD72104502F8EE0531512620A42FD
847,C158FD5741DC6B7BE0531512620A85F0
848,DCAA739CBEDE206FE0531512620AD3C7
849,C158FD5741276B7BE0531512620A85F0
850,C158FD57401C6B7BE0531512620A85F0
851,F03FE16037730DAEE0531512620AC1A1
852,C158FD5743586B7BE0531512620A85F0
853,DCAA739CBECE206FE0531512620AD3C7
854,F03FE16032BB0DAEE0531512620AC1A1
855,DFD15B1EA95E5FECE0531512620AD3A1
856,CDCFD720FC3C2F8EE0531512620A42FD
857,C91CCCC721DB2111E0531512620A3891
858,F03FE160367F0DAEE0531512620AC1A1
859,F03FE16034DB0DAEE0531512620AC1A1
860,C1E244BAE18558C8E0531512620A392C
861,C91CCCC721212111E0531512620A3891
862,CA4618F7ED7B06A6E0531512620A6C3C
863,CDCFD72101AC2F8EE0531512620A42FD
864,C158FD573FEE6B7BE0531512620A85F0
865,F03FE160348F0DAEE0531512620AC1A1
866,F03FE16036870DAEE0531512620AC1A1
867,C158FD5742CD6B7BE0531512620A85F0
868,C158FD5742916B7BE0531512620A85F0
869,F03FE160330B0DAEE0531512620AC1A1
870,C91CCCC7224B2111E0531512620A3891
871,C91CCCC71FA12111E0531512620A3891
872,C91CCCC71DBF2111E0531512620A3891
873,C91CCCC71DCB2111E0531512620A3891
874,D2C61471DB7A197DE0531512620A8118
875,C1E244BAE20158C8E0531512620A392C
876,D2C61471E1A6197DE0531512620A8118
877,D2C61471DE15197DE0531512620A8118
878,CDCFD720FC902F8EE0531512620A42FD
879,F03FE160387B0DAEE0531512620AC1A1
880,F03FE16036E30DAEE0531512620AC1A1
881,F39E93C29CCD2923E0531512620AECF8
882,D2C61471DB5B197DE0531512620A8118
883,CDCFD72100DB2F8EE0531512620A42FD
884,F03FE16038CB0DAEE0531512620AC1A1
885,C158FD5742396B7BE0531512620A85F0
886,C91CCCC71DF52111E0531512620A3891
887,CDCFD720FC4F2F8EE0531512620A42FD
888,D2C61471DCCA197DE0531512620A8118
889,F03FE16036B30DAEE0531512620AC1A1
890,C91CCCC71D8F2111E0531512620A3891
891,F03FE16033630DAEE0531512620AC1A1
892,C158FD573E426B7BE0531512620A85F0
893,C158FD573E956B7BE0531512620A85F0
894,C91CCCC71D892111E0531512620A3891
895,CDCFD72104592F8EE0531512620A42FD
896,DCAA739CC3EF206FE0531512620AD3C7
897,CDCFD72104CE2F8EE0531512620A42FD
898,D2C61471DD58197DE0531512620A8118
899,C91CCCC71E232111E0531512620A3891
900,C158FD5741D16B7BE0531512620A85F0
901,D2C61471DB50197DE0531512620A8118
902,D2C61471E0A0197DE0531512620A8118
903,DCAA739CC3E1206FE0531512620AD3C7
904,F39E93C29B5D2923E0531512620AECF8
905,F03FE160373F0DAEE0531512620AC1A1
906,DCAA739CC247206FE0531512620AD3C7
907,CA4618F7EC4E06A6E0531512620A6C3C
908,CA4618F7F0DE06A6E0531512620A6C3C
909,C158FD573EA76B7BE0531512620A85F0
910,CDCFD720FEAE2F8EE0531512620A42FD
911,DFD15B1EA92A5FECE0531512620AD3A1
912,C158FD5742D26B7BE0531512620A85F0
913,C91CCCC71FAF2111E0531512620A3891
914,C158FD5740A46B7BE0531512620A85F0
915,CDCFD720FE3B2F8EE0531512620A42FD
916,C158FD57433F6B7BE0531512620A85F0
917,C91CCCC721F72111E0531512620A3891
918,C158FD573DC46B7BE0531512620A85F0
919,CDCFD72103532F8EE0531512620A42FD
920,CDCFD720FF182F8EE0531512620A42FD
921,C158FD573E3E6B7BE0531512620A85F0
922,D2C61471D7CD197DE0531512620A8118
923,C91CCCC721592111E0531512620A3891
924,D2C61471E003197DE0531512620A8118
925,C91CCCC722892111E0531512620A3891
926,C1E244BAE10258C8E0531512620A392C
927,C158FD5743096B7BE0531512620A85F0
928,C158FD5740B36B7BE0531512620A85F0
929,CDCFD72101372F8EE0531512620A42FD
930,CA4618F7EB6906A6E0531512620A6C3C
931,F03FE16035B30DAEE0531512620AC1A1
932,F03FE16035A30DAEE0531512620AC1A1
933,D2C61471DC42197DE0531512620A8118
934,D2C61471DC0B197DE0531512620A8118
935,DFD15B1EA8EA5FECE0531512620AD3A1
936,C91CCCC7201D2111E0531512620A3891
937,F03FE160332F0DAEE0531512620AC1A1
938,F03FE16034AF0DAEE0531512620AC1A1
939,C91CCCC71DE52111E0531512620A3891
940,DFD15B1EA82E5FECE0531512620AD3A1
941,DCAA739CC26E206FE0531512620AD3C7
942,CA4618F7EF5906A6E0531512620A6C3C
943,F03FE16038D70DAEE0531512620AC1A1
944,F03FE16037230DAEE0531512620AC1A1
945,C158FD57439D6B7BE0531512620A85F0
946,D2C61471D847197DE0531512620A8118
947,F03FE16038C70DAEE0531512620AC1A1
948,DCAA739CC3FA206FE0531512620AD3C7
949,DCAA739CC0B6206FE0531512620AD3C7
950,CDCFD720FC302F8EE0531512620A42FD
951,F03FE160381B0DAEE0531512620AC1A1
952,F39E93C29BAD2923E0531512620AECF8
953,F03FE16038FB0DAEE0531512620AC1A1
954,C158FD5743516B7BE0531512620A85F0
955,F03FE16038FF0DAEE0531512620AC1A1
956,C91CCCC71E572111E0531512620A3891
957,C158FD573DF06B7BE0531512620A85F0
958,C91CCCC720B32111E0531512620A3891
959,F03FE16033DB0DAEE0531512620AC1A1
960,F03FE16033030DAEE0531512620AC1A1
961,DCAA739CC382206FE0531512620AD3C7
962,F03FE16036670DAEE0531512620AC1A1
963,DCAA739CBEE2206FE0531512620AD3C7
964,D2C61471DA59197DE0531512620A8118
965,D2C61471D74E197DE0531512620A8118
966,C1E244BAE20C58C8E0531512620A392C
967,C91CCCC71E0D2111E0531512620A3891
968,CDCFD72105592F8EE0531512620A42FD
969,CDCFD72105662F8EE0531512620A42FD
970,CA4618F7EF3F06A6E0531512620A6C3C
971,DCAA739CC2A8206FE0531512620AD3C7
972,CA4618F7F0AE06A6E0531512620A6C3C
973,DCAA739CC37B206FE0531512620AD3C7
974,C158FD573DBB6B7BE0531512620A85F0
975,D2C61471DF5D197DE0531512620A8118
976,DCAA739CC271206FE0531512620AD3C7
977,CDCFD720FEDC2F8EE0531512620A42FD
978,D2C61471DC57197DE0531512620A8118
979,CDCFD72101082F8EE0531512620A42FD
980,C91CCCC71E432111E0531512620A3891
981,F03FE16033C70DAEE0531512620AC1A1
982,CA4618F7ED4806A6E0531512620A6C3C
983,CA4618F7EE3A06A6E0531512620A6C3C
984,F39E93C29C612923E0531512620AECF8
985,DCAA739CC09A206FE0531512620AD3C7
986,DFD15B1EA8AA5FECE0531512620AD3A1
987,D2C61471DA52197DE0531512620A8118
988,DFD15B1EA84A5FECE0531512620AD3A1
989,DCAA739CBF7E206FE0531512620AD3C7
990,DCAA739CC116206FE0531512620AD3C7
991,F03FE16032FB0DAEE0531512620AC1A1
992,F03FE16033070DAEE0531512620AC1A1
993,DCAA739CBFB6206FE0531512620AD3C7
994,F03FE160363B0DAEE0531512620AC1A1
995,C91CCCC71E2B2111E0531512620A3891
996,F39E93C29CA52923E0531512620AECF8
997,F03FE16035BF0DAEE0531512620AC1A1
998,DCAA739CC3EC206FE0531512620AD3C7
999,F39E93C29CF52923E0531512620AECF8
1000,D2C61471DB40197DE0531512620A8118
1001,CDCFD720FC832F8EE0531512620A42FD
1002,DCAA739CBF1E206FE0531512620AD3C7
1003,DFD15B1EA8B65FECE0531512620AD3A1
1004,CDCFD720FC5F2F8EE0531512620A42FD
1005,C158FD573F2E6B7BE0531512620A85F0
1006,F03FE16037970DAEE0531512620AC1A1
1007,CDCFD720FC6D2F8EE0531512620A42FD
1008,D2C61471E0F9197DE0531512620A8118
1009,C158FD573F866B7BE0531512620A85F0
1010,D2C61471D77D197DE0531512620A8118
1011,F03FE160353F0DAEE0531512620AC1A1
1012,D2C61471D7DD197DE0531512620A8118
1013,F03FE160353B0DAEE0531512620AC1A1
1014,F39E93C29E652923E0531512620AECF8
1015,F39E93C29E6D2923E0531512620AECF8
1016,F39E93C29E692923E0531512620AECF8
1017,DCAA739CC2C8206FE0531512620AD3C7
1018,C158FD573EF26B7BE0531512620A85F0
1019,DCAA739CC29E206FE0531512620AD3C7
1020,CDCFD72100CD2F8EE0531512620A42FD
1021,C158FD5741206B7BE0531512620A85F0
1022,DCAA739CBE0A206FE0531512620AD3C7
1023,C91CCCC720E52111E0531512620A3891
1024,CA4618F7EC6006A6E0531512620A6C3C
1025,CDCFD720FDBF2F8EE0531512620A42FD
1026,F39E93C29CB92923E0531512620AECF8
1027,F39E93C29CAD2923E0531512620AECF8
1028,F03FE16038070DAEE0531512620AC1A1
1029,F03FE16035BB0DAEE0531512620AC1A1
1030,D2C61471D92F197DE0531512620A8118
1031,D2C61471D79D197DE0531512620A8118
1032,C1E244BAE13158C8E0531512620A392C
1033,C158FD5743E16B7BE0531512620A85F0
1034,F03FE160376B0DAEE0531512620AC1A1
1035,FC09D48D87B32CC0E0531512620A57A1
1036,DCAA739CC056206FE0531512620AD3C7
1037,D2C61471E1B6197DE0531512620A8118
1038,D2C61471D716197DE0531512620A8118
1039,C91CCCC71DDB2111E0531512620A3891
1040,C91CCCC71E9F2111E0531512620A3891
1041,F03FE160368B0DAEE0531512620AC1A1
1042,C158FD5742706B7BE0531512620A85F0
1043,C158FD5740FE6B7BE0531512620A85F0
1044,C158FD573E896B7BE0531512620A85F0
1045,DCAA739CBEC6206FE0531512620AD3C7
1046,D2C61471DA2F197DE0531512620A8118
1047,DCAA739CC2DD206FE0531512620AD3C7
1048,F03FE16032930DAEE0531512620AC1A1
1049,F03FE16032B30DAEE0531512620AC1A1
1050,CDCFD72101122F8EE0531512620A42FD
1051,DCAA739CC00E206FE0531512620AD3C7
1052,CDCFD720FF2D2F8EE0531512620A42FD
1053,F39E93C29D0D2923E0531512620AECF8
1054,F03FE160345F0DAEE0531512620AC1A1
1055,F39E93C29CB12923E0531512620AECF8
1056,F39E93C29CC12923E0531512620AECF8
1057,F39E93C29E392923E0531512620AECF8
1058,CA4618F7ECDB06A6E0531512620A6C3C
1059,D2C61471D865197DE0531512620A8118
1060,CA4618F7EFC306A6E0531512620A6C3C
1061,CA4618F7F11706A6E0531512620A6C3C
1062,CA4618F7EB3D06A6E0531512620A6C3C
1063,CA4618F7F0FA06A6E0531512620A6C3C
1064,D2C61471D9AC197DE0531512620A8118
1065,F03FE16033830DAEE0531512620AC1A1
1066,F03FE16037630DAEE0531512620AC1A1
1067,CDCFD72103432F8EE0531512620A42FD
1068,CDCFD721035E2F8EE0531512620A42FD
1069,C158FD573EA16B7BE0531512620A85F0
1070,DFD15B1EA8C25FECE0531512620AD3A1
1071,DFD15B1EA8BE5FECE0531512620AD3A1
1072,C91CCCC720712111E0531512620A3891
1073,DCAA739CBF5A206FE0531512620AD3C7
1074,CA4618F7F13306A6E0531512620A6C3C
1075,D2C61471D768197DE0531512620A8118
1076,F39E93C29B192923E0531512620AECF8
1077,D2C61471DA8E197DE0531512620A8118
1078,CA4618F7EB5706A6E0531512620A6C3C
1079,F39E93C29C852923E0531512620AECF8
1080,DCAA739CBECA206FE0531512620AD3C7
1081,F03FE16036630DAEE0531512620AC1A1
1082,D2C61471DF02197DE0531512620A8118
1083,DFD15B1EA8625FECE0531512620AD3A1
1084,D2C61471DDAC197DE0531512620A8118
1085,CA4618F7EE1206A6E0531512620A6C3C
1086,C158FD57427E6B7BE0531512620A85F0
1087,CA4618F7F14806A6E0531512620A6C3C
1088,CDCFD720FF6E2F8EE0531512620A42FD
1089,C91CCCC71E012111E0531512620A3891
1090,F39E93C29D7D2923E0531512620AECF8
1091,D2C61471DC6C197DE0531512620A8118
1092,F39E93C29B3D2923E0531512620AECF8
1093,F39E93C29B392923E0531512620AECF8
1094,DCAA739CBF26206FE0531512620AD3C7
1095,F03FE16038170DAEE0531512620AC1A1
1096,DCAA739CBE8A206FE0531512620AD3C7
1097,CDCFD720FDB12F8EE0531512620A42FD
1098,C1E244BAE11F58C8E0531512620A392C
1099,DCAA739CC40F206FE0531512620AD3C7
1100,C91CCCC71D9F2111E0531512620A3891
1101,F03FE160378F0DAEE0531512620AC1A1
1102,F03FE160335F0DAEE0531512620AC1A1
1103,DCAA739CC082206FE0531512620AD3C7
1104,C158FD573E526B7BE0531512620A85F0
1105,E28057C5A57A68AFE0531512620A591B
1106,F03FE16035C70DAEE0531512620AC1A1
1107,F03FE16032AB0DAEE0531512620AC1A1
1108,F03FE16033470DAEE0531512620AC1A1
1109,F39E93C29E952923E0531512620AECF8
1110,CDCFD72105862F8EE0531512620A42FD
1111,F03FE16035070DAEE0531512620AC1A1
1112,F39E93C29B1D2923E0531512620AECF8
1113,DCAA739CBE4A206FE0531512620AD3C7
1114,CA4618F7EF8B06A6E0531512620A6C3C
1115,DCAA739CC3B0206FE0531512620AD3C7
1116,CA4618F7F0D206A6E0531512620A6C3C
1117,D2C61471D763197DE0531512620A8118
1118,DCAA739CC05A206FE0531512620AD3C7
1119,F03FE160352F0DAEE0531512620AC1A1
1120,C158FD573DC96B7BE0531512620A85F0
1121,DCAA739CC05E206FE0531512620AD3C7
1122,D2C61471E073197DE0531512620A8118
1123,C158FD57432B6B7BE0531512620A85F0
1124,F39E93C29B312923E0531512620AECF8
1125,D2C61471D912197DE0531512620A8118
1126,DFD15B1EA8A25FECE0531512620AD3A1
1127,DCAA739CC40C206FE0531512620AD3C7
1128,D2C61471E101197DE0531512620A8118
1129,DCAA739CC2FA206FE0531512620AD3C7
1130,F03FE160339F0DAEE0531512620AC1A1
1131,CA4618F7F00A06A6E0531512620A6C3C
1132,DCAA739CBE26206FE0531512620AD3C7
1133,C91CCCC721B12111E0531512620A3891
1134,C91CCCC71E6D2111E0531512620A3891
1135,F39E93C29CB52923E0531512620AECF8
1136,F39E93C29CBD2923E0531512620AECF8
1137,F39E93C29C652923E0531512620AECF8
1138,CA4618F7F13A06A6E0531512620A6C3C
1139,D2C61471DC8B197DE0531512620A8118
1140,CDCFD72102D42F8EE0531512620A42FD
1141,F03FE16035D70DAEE0531512620AC1A1
1142,F03FE16033D70DAEE0531512620AC1A1
1143,F39E93C29DE52923E0531512620AECF8
1144,C158FD573EF86B7BE0531512620A85F0
1145,CA4618F7F11E06A6E0531512620A6C3C
1146,F39E93C29B112923E0531512620AECF8
1147,C91CCCC720532111E0531512620A3891
1148,CA4618F7EBC906A6E0531512620A6C3C
1149,D2C61471DA1F197DE0531512620A8118
1150,F03FE160331F0DAEE0531512620AC1A1
1151,D2C61471D8FB197DE0531512620A8118
1152,C158FD5742D66B7BE0531512620A85F0
1153,DCAA739CBE56206FE0531512620AD3C7
1154,CA4618F7EC3106A6E0531512620A6C3C
1155,CA4618F7ECD006A6E0531512620A6C3C
1156,DCAA739CBE3E206FE0531512620AD3C7
1157,F39E93C29C792923E0531512620AECF8
1158,DCAA739CC2A5206FE0531512620AD3C7
1159,DCAA739CC412206FE0531512620AD3C7
1160,C158FD5743C16B7BE0531512620A85F0
1161,F39E93C29D052923E0531512620AECF8
1162,DCAA739CBE2E206FE0531512620AD3C7
1163,CDCFD72102EB2F8EE0531512620A42FD
1164,C1E244BAE1C058C8E0531512620A392C
1165,DCAA739CBF06206FE0531512620AD3C7
1166,F39E93C29C052923E0531512620AECF8
1167,DCAA739CBFD2206FE0531512620AD3C7
1168,CA4618F7F04406A6E0531512620A6C3C
1169,C158FD573F366B7BE0531512620A85F0
1170,C158FD57437C6B7BE0531512620A85F0
1171,DCAA739CBFA2206FE0531512620AD3C7
1172,C158FD573F506B7BE0531512620A85F0
1173,C158FD5743B66B7BE0531512620A85F0
1174,C91CCCC71D752111E0531512620A3891
1175,CA4618F7EF4E06A6E0531512620A6C3C
1176,C158FD573E286B7BE0531512620A85F0
1177,C1E244BAE15D58C8E0531512620A392C
1178,CA4618F7ECEE06A6E0531512620A6C3C
1179,C158FD573E216B7BE0531512620A85F0
1180,F03FE16033A30DAEE0531512620AC1A1
1181,C158FD57408D6B7BE0531512620A85F0
1182,DCAA739CBED6206FE0531512620AD3C7
1183,DCAA739CC06E206FE0531512620AD3C7
1184,DCAA739CBFC2206FE0531512620AD3C7
1185,DFD15B1EA8325FECE0531512620AD3A1
1186,D2C61471DA83197DE0531512620A8118
1187,C91CCCC71DEF2111E0531512620A3891
1188,DCAA739CBF02206FE0531512620AD3C7
1189,CA4618F7ED0A06A6E0531512620A6C3C
1190,C158FD57436E6B7BE0531512620A85F0
1191,C91CCCC71D632111E0531512620A3891
1192,CA4618F7EB7406A6E0531512620A6C3C
1193,F03FE16036AF0DAEE0531512620AC1A1
1194,C91CCCC71D812111E0531512620A3891
1195,CDCFD720FFDF2F8EE0531512620A42FD
1196,DCAA739CBFDA206FE0531512620AD3C7
1197,C158FD573F456B7BE0531512620A85F0
1198,DCAA739CC12E206FE0531512620AD3C7
1199,DFD15B1EA8DA5FECE0531512620AD3A1
1200,C158FD5741FC6B7BE0531512620A85F0
1201,D2C61471D6C0197DE0531512620A8118
1202,C158FD573F736B7BE0531512620A85F0
1203,DCAA739CBE6E206FE0531512620AD3C7
1204,DCAA739CC29B206FE0531512620AD3C7
1205,CA4618F7ED3A06A6E0531512620A6C3C
1206,CA4618F7ED2A06A6E0531512620A6C3C
1207,C1E244BAE1F958C8E0531512620A392C
1208,F39E93C29C092923E0531512620AECF8
1209,F03FE160362F0DAEE0531512620AC1A1
1210,CA4618F7ED1B06A6E0531512620A6C3C
